0,city,day,mean,std_err,lower,upper
0,Cincinnati,24,8.515,1.297358,5.972178,11.057822
1,Cincinnati,25,8.8825,1.277753,6.378104,11.386896
2,Cincinnati,26,8.945,1.281322,6.433609,11.456391
3,Cincinnati,27,8.4775,1.317059,5.896065,11.058935
4,Cincinnati,28,9.2325,1.416357,6.456441,12.008559
5,Cincinnati,29,8.4475,1.206557,6.082647,10.812353
6,Cincinnati,30,8.5,1.192225,6.163239,10.836761
7,Cincinnati,31,8.45,1.195209,6.10739,10.79261
8,Cincinnati,32,8.355,1.211796,5.97988,10.73012
9,Cincinnati,33,8.55,1.185749,6.225933,10.874067
10,Cincinnati,34,8.2975,1.176114,5.992317,10.602683
11,Cincinnati,35,7.8875,1.117894,5.696429,10.078571
12,Cincinnati,36,7.915,1.112498,5.734504,10.095496
13,Cincinnati,37,8.0025,1.120594,5.806136,10.198864
14,Cincinnati,38,10.7775,2.799153,5.291161,16.263839
15,Cincinnati,39,14.695,4.784729,5.31693,24.07307
16,Cincinnati,40,14.4625,4.798083,5.058258,23.866742
17,Cincinnati,41,14.815,4.771326,5.463201,24.166799
18,Cincinnati,42,15.12,4.747238,5.815414,24.424586
19,Cincinnati,43,15.41,4.719315,6.160143,24.659857
20,Cincinnati,44,15.585,4.730061,6.314081,24.855919
21,Cincinnati,45,16.31,4.747674,7.004559,25.615441
22,Cincinnati,46,16.33,4.746595,7.026673,25.633327
23,Cincinnati,47,16.7625,4.700028,7.550446,25.974554
24,Cincinnati,48,19.79,5.637187,8.741113,30.838887
25,Cincinnati,49,19.64,5.654742,8.556706,30.723294
26,Cincinnati,50,19.97,5.613581,8.967381,30.972619
27,Cincinnati,51,20.1625,5.593672,9.198904,31.126096
28,Cincinnati,52,20.195,5.588846,9.240862,31.149138
29,Cincinnati,53,20.1125,5.599006,9.138447,31.086553
30,Cincinnati,54,19.8225,5.640464,8.767191,30.877809
31,Cincinnati,55,19.59,5.670846,8.475142,30.704858
32,Cincinnati,56,19.595,5.670152,8.481502,30.708498
33,Cincinnati,57,19.995,5.65286,8.915395,31.074605
34,Cincinnati,58,17.38,5.269493,7.051794,27.708206
35,Cincinnati,59,15.1975,4.045614,7.268096,23.126904
36,Cincinnati,60,15.2775,4.038006,7.363008,23.191992
37,Cincinnati,61,15.0525,4.056116,7.102512,23.002488
38,Cincinnati,62,14.7575,4.082775,6.755261,22.759739
39,Cincinnati,63,16.455,4.293907,8.038943,24.871057
40,Cincinnati,64,15.6175,4.307162,7.175463,24.059537
41,Cincinnati,65,14.6275,4.30167,6.196226,23.058774
42,Cincinnati,66,14.4625,4.310857,6.013221,22.911779
43,Cincinnati,67,14.8625,4.311031,6.41288,23.31212
44,Cincinnati,68,10.9975,2.718102,5.670019,16.324981
45,Cincinnati,69,11.1025,2.708428,5.793982,16.411018
46,Cincinnati,70,10.9,2.723252,5.562427,16.237573
47,Cincinnati,71,10.56,2.746438,5.176982,15.943018
48,Cincinnati,72,10.7375,2.730318,5.386077,16.088923
49,Cincinnati,73,10.565,2.751797,5.171477,15.958523
50,Cincinnati,74,10.8075,2.719615,5.477055,16.137945
51,Cincinnati,75,10.725,2.733218,5.367892,16.082108
52,Cincinnati,76,10.67,2.740601,5.298423,16.041577
53,Cincinnati,77,10.4175,2.713605,5.098834,15.736166
54,Cincinnati,78,10.0875,2.743854,4.709546,15.465454
55,Cincinnati,79,7.995,2.006788,4.061695,11.928305
56,Cincinnati,80,7.73,2.021016,3.768809,11.691191
57,Cincinnati,81,7.5225,2.037893,3.528231,11.516769
58,Cincinnati,82,7.48,2.041358,3.478938,11.481062
59,Cincinnati,83,5.6125,0.920305,3.808703,7.416297
60,Cincinnati,84,5.3725,0.940841,3.528453,7.216547
61,Cincinnati,85,5.335,0.940898,3.49084,7.17916
62,Cincinnati,86,4.99,0.950247,3.127515,6.852485
63,Cincinnati,87,4.2375,0.639716,2.983658,5.491342
64,Cincinnati,88,4.24,0.639527,2.986527,5.493473
65,Cincinnati,89,3.9875,0.630356,2.752003,5.222997
66,Cincinnati,90,4.0725,0.642509,2.813181,5.331819
67,Cincinnati,91,4.3,0.671742,2.983385,5.616615
68,Cincinnati,92,4.0325,0.65951,2.73986,5.32514
69,Cincinnati,93,4.65,0.823324,3.036285,6.263715
70,Cincinnati,94,4.46,0.830276,2.83266,6.08734
71,Cincinnati,95,4.4675,0.828721,2.843207,6.091793
72,Cincinnati,96,4.4775,0.827772,2.855068,6.099932
73,Cincinnati,97,4.2075,0.708098,2.819627,5.595373
74,Cincinnati,98,4.3475,0.698869,2.977716,5.717284
75,Cincinnati,99,4.1825,0.71133,2.788292,5.576708
76,Cincinnati,100,4.495,0.750582,3.023859,5.966141
77,Cincinnati,101,4.8825,0.786784,3.340404,6.424596
78,Cincinnati,102,4.885,0.786607,3.343249,6.426751
79,Cincinnati,103,4.635,0.811789,3.043894,6.226106
80,Cincinnati,104,4.6475,0.809463,3.060952,6.234048
81,Cincinnati,105,4.505,0.818664,2.900418,6.109582
82,Cincinnati,106,4.615,0.803338,3.040458,6.189542
83,Cincinnati,107,4.5725,0.80695,2.990878,6.154122
84,Cincinnati,108,4.6275,0.80439,3.050895,6.204105
85,Cincinnati,109,4.7825,0.793672,3.226902,6.338098
86,Cincinnati,110,6.92,2.319535,2.373711,11.466289
87,Cincinnati,111,6.7475,2.321054,2.198233,11.296767
88,Cincinnati,112,6.82,2.314863,2.282868,11.357132
89,Cincinnati,113,6.235,2.288526,1.749489,10.720511
90,Cincinnati,114,7.8925,2.674627,2.650232,13.134768
91,Cincinnati,115,8.81,2.707422,3.503453,14.116547
92,Cincinnati,116,9.01,2.692941,3.731835,14.288165
93,Cincinnati,117,8.875,2.697556,3.587791,14.162209
94,Cincinnati,118,9.2,2.691298,3.925055,14.474945
95,Cincinnati,119,9.405,2.669492,4.172796,14.637204
96,Cincinnati,120,9.1675,2.679975,3.914749,14.420251
97,Cincinnati,121,9.1225,2.679635,3.870416,14.374584
98,Cincinnati,122,9.245,2.670112,4.01158,14.47842
99,Cincinnati,123,9.4075,2.648569,4.216305,14.598695
100,Cincinnati,124,9.5225,2.634278,4.359316,14.685684
101,Cincinnati,125,9.5325,2.632886,4.372043,14.692957
102,Cincinnati,126,9.6525,2.621484,4.51439,14.79061
103,Cincinnati,127,9.9,2.600149,4.803708,14.996292
104,Cincinnati,128,9.8125,2.61078,4.695371,14.929629
105,Cincinnati,129,9.6525,2.629657,4.498373,14.806627
106,Cincinnati,130,7.2175,1.690315,3.904482,10.530518
107,Cincinnati,131,7.02,1.715792,3.657048,10.382952
108,Cincinnati,132,6.9125,1.729804,3.522083,10.302917
109,Cincinnati,133,6.8525,1.737993,3.446034,10.258966
110,Cincinnati,134,5.225,0.960927,3.341583,7.108417
111,Cincinnati,135,4.2775,0.654546,2.994589,5.560411
112,Cincinnati,136,4.1175,0.63968,2.863727,5.371273
113,Cincinnati,137,3.9175,0.643849,2.655557,5.179443
114,Cincinnati,138,3.3825,0.542371,2.319453,4.445547
115,Cincinnati,139,3.325,0.533169,2.27999,4.37001
116,Cincinnati,140,3.2725,0.529581,2.234521,4.310479
117,Cincinnati,141,3.0575,0.446182,2.182983,3.932017
118,Cincinnati,142,3.0425,0.441025,2.17809,3.90691
119,Cincinnati,143,3.2675,0.511753,2.264464,4.270536
120,Cincinnati,144,3.21,0.510424,2.209569,4.210431
121,Cincinnati,145,3.2325,0.508887,2.235082,4.229918
122,Cincinnati,146,3.1175,0.491938,2.153301,4.081699
123,Cincinnati,147,2.855,0.431116,2.010012,3.699988
124,Cincinnati,148,3.1425,0.50842,2.145997,4.139003
125,Cincinnati,149,3.1975,0.504783,2.208125,4.186875
126,Cincinnati,150,3.335,0.488993,2.376575,4.293425
127,Cincinnati,151,3.565,0.479493,2.625193,4.504807
128,Cincinnati,152,3.64,0.467996,2.722728,4.557272
129,Cincinnati,153,3.57,0.488165,2.613197,4.526803
130,Cincinnati,154,3.49,0.501742,2.506586,4.473414
131,Cincinnati,155,3.51,0.49613,2.537585,4.482415
132,Cincinnati,156,3.47,0.496493,2.496874,4.443126
133,Cincinnati,157,3.4225,0.506773,2.429226,4.415774
134,Cincinnati,158,3.99,0.632264,2.750763,5.229237
135,Cincinnati,159,4.0125,0.63355,2.770741,5.254259
136,Cincinnati,160,4.1375,0.640175,2.882758,5.392242
137,Cincinnati,161,3.9125,0.665591,2.607942,5.217058
138,Cincinnati,162,3.6875,0.667279,2.379634,4.995366
139,Cincinnati,163,3.34,0.62946,2.106258,4.573742
140,Cincinnati,164,3.2425,0.639954,1.98819,4.49681
141,Cincinnati,165,3.41,0.654175,2.127817,4.692183
142,Cincinnati,166,3.47,0.657195,2.181898,4.758102
143,Cincinnati,167,3.7775,0.70136,2.402834,5.152166
144,Cincinnati,168,3.51,0.660479,2.215461,4.804539
145,Cincinnati,169,3.6175,0.665031,2.31404,4.92096
146,Cincinnati,170,3.965,0.743573,2.507596,5.422404
147,Cincinnati,171,3.805,0.745024,2.344752,5.265248
148,Cincinnati,172,3.725,0.753911,2.247335,5.202665
149,Cincinnati,173,3.875,0.73221,2.439869,5.310131
150,Cincinnati,174,4.2725,0.757591,2.787623,5.757377
151,Cincinnati,175,4.2575,0.761062,2.765818,5.749182
152,Cincinnati,176,4.1425,0.778615,2.616415,5.668585
153,Cincinnati,177,4.5125,0.782703,2.978403,6.046597
154,Cincinnati,178,4.2725,0.700031,2.900439,5.644561
155,Cincinnati,179,4.0675,0.718386,2.659463,5.475537
156,Cincinnati,180,3.91,0.713588,2.511368,5.308632
157,Cincinnati,181,3.945,0.705504,2.562212,5.327788
158,Cincinnati,182,4.08,0.693807,2.720139,5.439861
159,Cincinnati,183,4.34,0.690802,2.986028,5.693972
160,Cincinnati,184,4.565,0.670094,3.251615,5.878385
161,Cincinnati,185,4.585,0.672664,3.266579,5.903421
162,Cincinnati,186,5.165,0.882455,3.435389,6.894611
163,Cincinnati,187,4.975,0.86418,3.281208,6.668792
164,Cincinnati,188,5.005,0.861328,3.316797,6.693203
165,Cincinnati,189,5.2525,0.897166,3.494056,7.010944
166,Cincinnati,190,5.3325,0.923345,3.522744,7.142256
167,Cincinnati,191,5.365,0.918274,3.565184,7.164816
168,Cincinnati,192,5.9875,0.978934,4.06879,7.90621
169,Cincinnati,193,6.145,0.968084,4.247556,8.042444
170,Cincinnati,194,6.25,0.988756,4.312039,8.187961
171,Cincinnati,195,6.285,0.979299,4.365574,8.204426
172,Cincinnati,196,6.405,0.951675,4.539716,8.270284
173,Cincinnati,197,6.055,0.979406,4.135364,7.974636
174,Cincinnati,198,5.7725,1.002762,3.807087,7.737913
175,Cincinnati,199,5.7925,0.998031,3.836359,7.748641
176,Cincinnati,200,6.495,1.121689,4.29649,8.69351
177,Cincinnati,201,6.4825,1.124813,4.277867,8.687133
178,Cincinnati,202,6.43,1.131401,4.212455,8.647545
179,Cincinnati,203,7.01,1.269806,4.52118,9.49882
180,Cincinnati,204,7.17,1.269554,4.681674,9.658326
181,Cincinnati,205,7.195,1.269128,4.707509,9.682491
182,Cincinnati,206,6.805,1.183252,4.485825,9.124175
183,Cincinnati,207,6.8275,1.181596,4.511572,9.143428
184,Cincinnati,208,6.825,1.181934,4.508409,9.141591
185,Cincinnati,209,6.4475,1.186099,4.122746,8.772254
186,Cincinnati,210,6.085,1.152639,3.825828,8.344172
187,Cincinnati,211,6.5575,1.177053,4.250476,8.864524
188,Cincinnati,212,6.4675,1.152569,4.208464,8.726536
189,Cincinnati,213,6.4275,1.153519,4.166603,8.688397
190,Cincinnati,214,6.1975,1.128447,3.985743,8.409257
191,Cincinnati,215,7.225,1.331594,4.615075,9.834925
192,Cincinnati,216,7.6875,1.336254,5.068443,10.306557
193,Cincinnati,217,8.3025,1.321327,5.712698,10.892302
194,Cincinnati,218,8.79,1.279695,6.281797,11.298203
195,Cincinnati,219,8.8125,1.273238,6.316953,11.308047
196,Cincinnati,220,8.04,1.250318,5.589377,10.490623
197,Cincinnati,221,8.335,1.196208,5.990432,10.679568
198,Cincinnati,222,9.2575,1.325308,6.659897,11.855103
199,Cincinnati,223,8.5275,1.267377,6.043442,11.011558
200,Cincinnati,224,8.3625,1.276748,5.860074,10.864926
201,Cincinnati,225,8.0475,1.329386,5.441902,10.653098
202,Cincinnati,226,7.8125,1.345027,5.176246,10.448754
203,Cincinnati,227,8.37,1.401532,5.622997,11.117003
204,Cincinnati,228,8.58,1.380586,5.874052,11.285948
205,Cincinnati,229,8.9375,1.346718,6.297933,11.577067
206,Cincinnati,230,9.12,1.330331,6.512552,11.727448
207,Cincinnati,231,9.1,1.328119,6.496887,11.703113
208,Cincinnati,232,8.94,1.320083,6.352637,11.527363
209,Cincinnati,233,8.7875,1.348026,6.14537,11.42963
210,Cincinnati,234,9.2575,1.385466,6.541987,11.973013
211,Cincinnati,235,8.2475,1.271522,5.755317,10.739683
212,Cincinnati,236,7.6875,1.298056,5.143311,10.231689
213,Cincinnati,237,7.1375,1.285549,4.617824,9.657176
214,Cincinnati,238,6.755,1.279155,4.247857,9.262143
215,Cincinnati,239,6.8975,1.258369,4.431096,9.363904
216,Cincinnati,240,6.94,1.249823,4.490347,9.389653
217,Cincinnati,241,6.8575,1.253362,4.400911,9.314089
218,Cincinnati,242,6.08,1.001426,4.117204,8.042796
219,Cincinnati,243,5.95,1.024939,3.94112,7.95888
220,Cincinnati,244,5.8675,1.030493,3.847734,7.887266
221,Cincinnati,245,6.86,1.218542,4.471657,9.248343
222,Cincinnati,246,6.87,1.217325,4.484043,9.255957
223,Cincinnati,247,6.1475,1.133857,3.925141,8.369859
224,Cincinnati,248,5.9225,1.138659,3.690729,8.154271
225,Cincinnati,249,5.8425,1.127831,3.631951,8.053049
226,Cincinnati,250,5.5575,1.129094,3.344476,7.770524
227,Cincinnati,251,5.11,1.087891,2.977733,7.242267
228,Cincinnati,252,5.445,1.188302,3.115928,7.774072
229,Cincinnati,253,5.345,1.204787,2.983618,7.706382
230,Cincinnati,254,4.97,1.090547,2.832528,7.107472
231,Cincinnati,255,5.4025,1.106077,3.234589,7.570411
232,Cincinnati,256,5.4675,1.095344,3.320626,7.614374
233,Cincinnati,257,5.62,1.08472,3.493949,7.746051
234,Cincinnati,258,5.8575,1.086757,3.727456,7.987544
235,Cincinnati,259,5.7175,1.103615,3.554415,7.880585
236,Cincinnati,260,6.2775,1.150872,4.021791,8.533209
237,Cincinnati,261,6.2325,1.1542,3.970267,8.494733
238,Cincinnati,262,6.185,1.155606,3.920011,8.449989
239,Cincinnati,263,6.2825,1.137713,4.052582,8.512418
240,Cincinnati,264,6.2925,1.136619,4.064726,8.520274
241,Cincinnati,265,5.3375,0.892601,3.588003,7.086997
242,Cincinnati,267,5.4275,0.890165,3.682777,7.172223
243,Cincinnati,268,5.445,0.886953,3.706571,7.183429
244,Cincinnati,269,5.3775,0.897493,3.618414,7.136586
245,Cincinnati,270,5.1725,0.888021,3.431979,6.913021
246,Cincinnati,271,5.0875,0.903347,3.31694,6.85806
247,Cincinnati,272,5.685,1.01217,3.701146,7.668854
248,Cincinnati,273,5.0825,0.883744,3.350362,6.814638
249,Cincinnati,274,5.24,0.855341,3.563532,6.916468
250,Cincinnati,275,4.8875,0.859221,3.203427,6.571573
251,Cincinnati,276,4.71,0.819829,3.103135,6.316865
252,Cincinnati,277,4.835,0.811612,3.244241,6.425759
253,Cincinnati,278,4.79,0.810814,3.200804,6.379196
254,Cincinnati,279,4.4875,0.798858,2.921739,6.053261
255,Cincinnati,280,4.4675,0.802514,2.894573,6.040427
256,Cincinnati,281,4.3425,0.738895,2.894266,5.790734
257,Cincinnati,282,4.355,0.73879,2.906971,5.803029
258,Cincinnati,283,4.1925,0.748066,2.72629,5.65871
259,Cincinnati,284,4.075,0.765984,2.573672,5.576328
260,Cincinnati,285,4.425,0.834854,2.788686,6.061314
261,Cincinnati,286,4.505,0.824173,2.889621,6.120379
262,Cincinnati,287,4.3025,0.831861,2.672052,5.932948
263,Cincinnati,288,4.235,0.842319,2.584055,5.885945
264,Cincinnati,289,4.2425,0.841333,2.593488,5.891512
265,Cincinnati,290,4.18,0.844248,2.525274,5.834726
266,Cincinnati,291,4.16,0.848172,2.497584,5.822416
267,Cincinnati,292,4.23,0.893801,2.47815,5.98185
268,Cincinnati,293,4.3575,0.896516,2.600329,6.114671
269,Cincinnati,294,4.225,0.911294,2.438864,6.011136
270,Cincinnati,295,4.39,0.899379,2.627217,6.152783
271,Cincinnati,296,4.4075,0.901833,2.639907,6.175093
272,Cincinnati,297,4.7575,0.973995,2.84847,6.66653
273,Cincinnati,298,5.165,1.04978,3.107431,7.222569
274,Cincinnati,299,5.72,1.110351,3.543711,7.896289
275,Cincinnati,300,5.7425,1.106132,3.574481,7.910519
276,Cincinnati,301,5.82,1.126934,3.61121,8.02879
277,Cincinnati,302,6.6575,1.346552,4.018257,9.296743
278,Cincinnati,303,6.6425,1.349334,3.997804,9.287196
279,Cincinnati,304,6.7175,1.33458,4.101723,9.333277
280,Cincinnati,305,6.4925,1.317229,3.910732,9.074268
281,Cincinnati,306,6.8625,1.318246,4.278737,9.446263
282,Cincinnati,307,6.84,1.322784,4.247343,9.432657
283,Cincinnati,308,7.0125,1.295101,4.474103,9.550897
284,Cincinnati,309,7.3575,1.273137,4.862151,9.852849
285,Cincinnati,310,7.3925,1.267316,4.90856,9.87644
286,Cincinnati,311,7.59,1.228813,5.181526,9.998474
287,Cincinnati,312,6.93,1.16286,4.650795,9.209205
288,Cincinnati,313,7.375,1.22342,4.977097,9.772903
289,Cincinnati,314,7.4075,1.215269,5.025573,9.789427
290,Cincinnati,315,7.22,1.249792,4.770408,9.669592
291,Cincinnati,316,6.9125,1.286662,4.390643,9.434357
292,Cincinnati,317,6.31,1.30263,3.756845,8.863155
293,Cincinnati,318,6.0875,1.264703,3.608682,8.566318
294,Cincinnati,319,5.55,1.218021,3.162679,7.937321
295,Cincinnati,320,5.5025,1.226186,3.099176,7.905824
296,Cincinnati,321,5.4475,1.211463,3.073032,7.821968
297,Cincinnati,322,4.6525,0.907576,2.873652,6.431348
298,Cincinnati,323,4.7575,0.895023,3.003255,6.511745
299,Cincinnati,324,4.9225,0.885385,3.187146,6.657854
300,Cincinnati,325,4.67,0.898425,2.909087,6.430913
301,Cincinnati,330,4.41,0.84918,2.745606,6.074394
302,Cincinnati,331,4.9125,0.897057,3.154269,6.670731
303,Cincinnati,332,4.9375,0.896743,3.179883,6.695117
304,Cincinnati,333,4.555,0.887552,2.815398,6.294602
305,Cincinnati,334,4.455,0.898776,2.693399,6.216601
306,Cincinnati,335,4.355,0.903243,2.584643,6.125357
307,Cincinnati,336,4.2925,0.909789,2.509314,6.075686
308,Cincinnati,337,4.37,0.956683,2.494901,6.245099
309,Cincinnati,338,4.55,0.946659,2.694549,6.405451
310,Cincinnati,339,4.6025,0.93788,2.764256,6.440744
311,Cincinnati,340,4.8325,0.91971,3.029869,6.635131
312,Cincinnati,341,4.8875,0.906428,3.110902,6.664098
313,Cincinnati,342,4.64,0.891127,2.893391,6.386609
314,Cincinnati,343,4.6,0.896542,2.842778,6.357222
315,Cincinnati,344,4.6325,0.890283,2.887546,6.377454
316,Cincinnati,345,4.1075,0.834583,2.471718,5.743282
317,Cincinnati,346,4.47,0.927883,2.651349,6.288651
318,Cincinnati,347,4.4825,0.927377,2.664841,6.300159
319,Cincinnati,348,4.75,0.976672,2.835724,6.664276
320,Cincinnati,349,4.995,0.963126,3.107273,6.882727
321,Cincinnati,350,4.8375,0.973222,2.929985,6.745015
322,Cincinnati,351,4.975,1.026971,2.962137,6.987863
323,Cincinnati,352,4.9825,1.026988,2.969604,6.995396
324,Cincinnati,353,4.985,1.026548,2.972965,6.997035
325,Cincinnati,354,4.925,1.038331,2.889871,6.960129
326,Cincinnati,355,4.825,1.053984,2.759192,6.890808
327,Cincinnati,356,4.905,1.045352,2.85611,6.95389
328,Cincinnati,357,4.125,0.879847,2.400499,5.849501
329,Cincinnati,358,3.87,0.899162,2.107642,5.632358
330,Cincinnati,359,3.795,0.910075,2.011253,5.578747
331,Cincinnati,360,3.6025,0.910855,1.817225,5.387775
332,Cincinnati,361,3.6125,0.909477,1.829925,5.395075
333,Cincinnati,362,3.52,0.91501,1.726581,5.313419
334,Cincinnati,363,3.48,0.919588,1.677607,5.282393
335,Cincinnati,364,3.6025,0.914135,1.810795,5.394205
336,Cincinnati,365,4.215,1.01468,2.226226,6.203774
337,Des Moines,90,3.6125,0.937162,1.775662,5.449338
338,Des Moines,91,3.42,0.953365,1.551404,5.288596
339,Des Moines,92,2.88,0.887358,1.140777,4.619223
340,Des Moines,93,2.5675,0.880265,0.842181,4.292819
341,Des Moines,94,2.4625,0.888959,0.72014,4.20486
342,Des Moines,95,1.765,0.663863,0.463829,3.066171
343,Des Moines,96,1.5225,0.644753,0.258785,2.786215
344,Des Moines,97,1.48,0.646485,0.21289,2.74711
345,Des Moines,98,1.47,0.64747,0.200959,2.739041
346,Des Moines,99,1.4525,0.648869,0.180717,2.724283
347,Des Moines,100,1.29,0.643793,0.028165,2.551835
348,Des Moines,101,1.265,0.645204,0.000399,2.529601
349,Des Moines,102,1.2925,0.643276,0.03168,2.55332
350,Des Moines,103,1.275,0.644646,0.011493,2.538507
351,Des Moines,104,1.19,0.647163,-0.07844,2.45844
352,Des Moines,105,1.13,0.649754,-0.143517,2.403517
353,Des Moines,106,1.0625,0.650902,-0.213268,2.338268
354,Des Moines,107,1.015,0.652774,-0.264437,2.294437
355,Des Moines,108,0.825,0.636116,-0.421788,2.071788
356,Des Moines,109,0.1875,0.042702,0.103805,0.271195
357,Des Moines,110,0.19,0.043388,0.10496,0.27504
358,Des Moines,111,0.195,0.042559,0.111585,0.278415
359,Des Moines,112,0.2025,0.041454,0.12125,0.28375
360,Des Moines,113,0.215,0.040172,0.136264,0.293736
361,Des Moines,114,0.215,0.040172,0.136264,0.293736
362,Des Moines,115,0.2225,0.04023,0.14365,0.30135
363,Des Moines,116,0.25,0.049117,0.15373,0.34627
364,Des Moines,117,0.2325,0.046674,0.141019,0.323981
365,Des Moines,118,0.2275,0.047628,0.134149,0.320851
366,Des Moines,119,0.215,0.048875,0.119205,0.310795
367,Des Moines,120,0.2075,0.049909,0.109678,0.305322
368,Des Moines,121,0.1925,0.050655,0.093216,0.291784
369,Des Moines,122,0.175,0.045346,0.086122,0.263878
370,Des Moines,123,0.1725,0.045617,0.08309,0.26191
371,Des Moines,124,0.18,0.044777,0.092237,0.267763
372,Des Moines,125,0.215,0.050386,0.116243,0.313757
373,Des Moines,126,0.2425,0.056709,0.13135,0.35365
374,Des Moines,127,0.26,0.056303,0.149647,0.370353
375,Des Moines,128,0.26,0.056303,0.149647,0.370353
376,Des Moines,129,0.2375,0.056775,0.12622,0.34878
377,Des Moines,130,0.23,0.055835,0.120564,0.339436
378,Des Moines,131,0.23,0.055835,0.120564,0.339436
379,Des Moines,132,0.2225,0.056841,0.111091,0.333909
380,Des Moines,133,0.21,0.057836,0.096641,0.323359
381,Des Moines,134,0.2175,0.056929,0.105919,0.329081
382,Des Moines,135,0.2025,0.057714,0.08938,0.31562
383,Des Moines,136,0.1675,0.049025,0.071411,0.263589
384,Des Moines,137,0.165,0.049003,0.068955,0.261045
385,Des Moines,138,0.1775,0.048409,0.082618,0.272382
386,Des Moines,139,0.185,0.047579,0.091745,0.278255
387,Des Moines,140,0.1925,0.046674,0.101019,0.283981
388,Des Moines,141,0.1975,0.04589,0.107555,0.287445
389,Des Moines,142,0.19,0.045634,0.100557,0.279443
390,Des Moines,143,0.1975,0.045066,0.109171,0.285829
391,Des Moines,144,0.2225,0.050059,0.124384,0.320616
392,Des Moines,145,0.1925,0.043914,0.106429,0.278571
393,Des Moines,146,0.155,0.03426,0.08785,0.22215
394,Des Moines,147,0.135,0.032615,0.071074,0.198926
395,Des Moines,148,0.1275,0.033256,0.062319,0.192681
396,Des Moines,149,0.1325,0.032649,0.068509,0.196491
397,Des Moines,150,0.1225,0.031519,0.060723,0.184277
398,Des Moines,151,0.12,0.031702,0.057865,0.182135
399,Des Moines,152,0.12,0.031702,0.057865,0.182135
400,Des Moines,153,0.12,0.031702,0.057865,0.182135
401,Des Moines,154,0.1125,0.032186,0.049415,0.175585
402,Des Moines,155,0.1125,0.032186,0.049415,0.175585
403,Des Moines,156,0.1075,0.032649,0.043509,0.171491
404,Des Moines,157,0.1,0.032977,0.035365,0.164635
405,Des Moines,158,0.09,0.032133,0.02702,0.15298
406,Des Moines,159,0.0825,0.032264,0.019263,0.145737
407,Des Moines,160,0.0775,0.032108,0.014568,0.140432
408,Des Moines,161,0.08,0.032288,0.016716,0.143284
409,Des Moines,162,0.08,0.032288,0.016716,0.143284
410,Des Moines,163,0.07,0.031898,0.007479,0.132521
411,Des Moines,164,0.0375,0.011659,0.014648,0.060352
412,Des Moines,165,0.04,0.01255,0.015402,0.064598
413,Des Moines,166,0.04,0.01255,0.015402,0.064598
414,Des Moines,167,0.04,0.01255,0.015402,0.064598
415,Des Moines,168,0.04,0.01255,0.015402,0.064598
416,Des Moines,169,0.035,0.012298,0.010895,0.059105
417,Des Moines,170,0.03,0.011937,0.006603,0.053397
418,Des Moines,171,0.0275,0.011977,0.004026,0.050974
419,Des Moines,172,0.0275,0.011977,0.004026,0.050974
420,Des Moines,173,0.0275,0.011977,0.004026,0.050974
421,Des Moines,174,0.0275,0.011977,0.004026,0.050974
422,Des Moines,175,0.0275,0.011977,0.004026,0.050974
423,Des Moines,176,0.035,0.013276,0.008979,0.061021
424,Des Moines,177,0.04,0.013509,0.013522,0.066478
425,Des Moines,178,0.0375,0.013636,0.010774,0.064226
426,Des Moines,179,0.0375,0.013636,0.010774,0.064226
427,Des Moines,180,0.035,0.013739,0.008072,0.061928
428,Des Moines,181,0.0275,0.012487,0.003025,0.051975
429,Des Moines,182,0.02,0.01084,-0.001246,0.041246
430,Des Moines,183,0.0225,0.010883,0.00117,0.04383
431,Des Moines,184,0.0275,0.011443,0.005072,0.049928
432,Des Moines,185,0.0325,0.014695,0.003698,0.061302
433,Des Moines,186,0.0425,0.016686,0.009795,0.075205
434,Des Moines,187,0.045,0.016545,0.012571,0.077429
435,Des Moines,188,0.0475,0.016384,0.015387,0.079613
436,Des Moines,189,0.0475,0.016384,0.015387,0.079613
437,Des Moines,190,0.0475,0.016384,0.015387,0.079613
438,Des Moines,191,0.0525,0.016384,0.020387,0.084613
439,Des Moines,192,0.055,0.016163,0.02332,0.08668
440,Des Moines,193,0.06,0.016047,0.028548,0.091452
441,Des Moines,194,0.0625,0.015762,0.031607,0.093393
442,Des Moines,195,0.0625,0.015762,0.031607,0.093393
443,Des Moines,196,0.055,0.01537,0.024874,0.085126
444,Des Moines,197,0.0525,0.015197,0.022715,0.082285
445,Des Moines,198,0.065,0.017713,0.030283,0.099717
446,Des Moines,199,0.07,0.017464,0.03577,0.10423
447,Des Moines,200,0.0975,0.028826,0.041001,0.153999
448,Des Moines,201,0.105,0.028482,0.049174,0.160826
449,Des Moines,202,0.105,0.028482,0.049174,0.160826
450,Des Moines,203,0.1025,0.028826,0.046001,0.158999
451,Des Moines,204,0.0975,0.029256,0.040157,0.154843
452,Des Moines,205,0.0925,0.028345,0.036944,0.148056
453,Des Moines,206,0.0775,0.029256,0.020157,0.134843
454,Des Moines,207,0.07,0.030496,0.010228,0.129772
455,Des Moines,208,0.0625,0.031598,0.000568,0.124432
456,Des Moines,209,0.0575,0.032457,-0.006115,0.121115
457,Des Moines,210,0.0575,0.032457,-0.006115,0.121115
458,Des Moines,211,0.0525,0.032495,-0.011191,0.116191
459,Des Moines,212,0.05,0.032596,-0.013888,0.113888
460,Des Moines,213,0.045,0.032577,-0.018851,0.108851
461,Des Moines,214,0.0425,0.032649,-0.021491,0.106491
462,Des Moines,215,0.0425,0.032649,-0.021491,0.106491
463,Des Moines,216,0.0425,0.032649,-0.021491,0.106491
464,Des Moines,217,0.04,0.032711,-0.024113,0.104113
465,Des Moines,218,0.0275,0.030918,-0.0331,0.0881
466,Des Moines,219,0.0225,0.030715,-0.037702,0.082702
467,Des Moines,220,0.0025,0.016384,-0.029613,0.034613
468,Des Moines,221,0.0225,0.030715,-0.037702,0.082702
469,Des Moines,222,0.055,0.043287,-0.029842,0.139842
470,Des Moines,223,0.055,0.043287,-0.029842,0.139842
471,Des Moines,224,0.0575,0.043196,-0.027165,0.142165
472,Des Moines,225,0.055,0.042997,-0.029274,0.139274
473,Des Moines,226,0.0625,0.04226,-0.02033,0.14533
474,Des Moines,227,0.0675,0.041574,-0.013986,0.148986
475,Des Moines,228,0.075,0.040697,-0.004766,0.154766
476,Des Moines,229,0.08,0.039906,0.001784,0.158216
477,Des Moines,230,0.08,0.039906,0.001784,0.158216
478,Des Moines,231,0.0825,0.03973,0.00463,0.16037
479,Des Moines,232,0.0825,0.03973,0.00463,0.16037
480,Des Moines,233,0.0825,0.03973,0.00463,0.16037
481,Des Moines,234,0.0825,0.03973,0.00463,0.16037
482,Des Moines,235,0.085,0.039544,0.007493,0.162507
483,Des Moines,236,0.085,0.039544,0.007493,0.162507
484,Des Moines,237,0.085,0.039544,0.007493,0.162507
485,Des Moines,238,0.085,0.039544,0.007493,0.162507
486,Des Moines,239,0.085,0.039544,0.007493,0.162507
487,Des Moines,240,0.0775,0.039604,-0.000123,0.155123
488,Des Moines,241,0.05,0.031425,-0.011592,0.111592
489,Des Moines,242,0.0225,0.007479,0.007841,0.037159
490,Des Moines,243,0.025,0.0075,0.0103,0.0397
491,Des Moines,244,0.0225,0.007479,0.007841,0.037159
492,Des Moines,245,0.02,0.006519,0.007222,0.032778
493,Des Moines,246,0.0175,0.006398,0.004959,0.030041
494,Des Moines,247,0.0175,0.006398,0.004959,0.030041
495,Des Moines,248,0.015,0.006225,0.002799,0.027201
496,Des Moines,249,0.0225,0.008997,0.004867,0.040133
497,Des Moines,250,0.03,0.01084,0.008754,0.051246
498,Des Moines,251,0.035,0.012298,0.010895,0.059105
499,Des Moines,252,0.035,0.012298,0.010895,0.059105
500,Des Moines,253,0.035,0.012298,0.010895,0.059105
501,Des Moines,254,0.035,0.012298,0.010895,0.059105
502,Des Moines,255,0.035,0.012298,0.010895,0.059105
503,Des Moines,256,0.035,0.012298,0.010895,0.059105
504,Des Moines,257,0.0425,0.013358,0.016318,0.068682
505,Des Moines,258,0.0425,0.013358,0.016318,0.068682
506,Des Moines,259,0.055,0.016545,0.022571,0.087429
507,Des Moines,260,0.075,0.023318,0.029296,0.120704
508,Des Moines,261,0.0925,0.026522,0.040516,0.144484
509,Des Moines,262,0.0875,0.026897,0.034782,0.140218
510,Des Moines,263,0.09,0.026833,0.037408,0.142592
511,Des Moines,264,0.09,0.026833,0.037408,0.142592
512,Des Moines,265,0.0875,0.027128,0.034329,0.140671
513,Des Moines,266,0.1,0.027839,0.045436,0.154564
514,Des Moines,268,0.115,0.028961,0.058236,0.171764
515,Des Moines,269,0.1675,0.053418,0.062802,0.272198
516,Des Moines,270,0.1825,0.055145,0.074416,0.290584
517,Des Moines,271,0.205,0.058726,0.089897,0.320103
518,Des Moines,272,0.2125,0.05883,0.097194,0.327806
519,Des Moines,273,0.2125,0.05883,0.097194,0.327806
520,Des Moines,274,0.2125,0.05883,0.097194,0.327806
521,Des Moines,275,0.2125,0.05883,0.097194,0.327806
522,Des Moines,276,0.21,0.059224,0.093921,0.326079
523,Des Moines,277,0.21,0.059224,0.093921,0.326079
524,Des Moines,278,0.215,0.059171,0.099024,0.330976
525,Des Moines,279,0.22,0.058459,0.10542,0.33458
526,Des Moines,280,0.215,0.058534,0.100273,0.329727
527,Des Moines,281,0.2025,0.057822,0.089168,0.315832
528,Des Moines,282,0.205,0.058191,0.090945,0.319055
529,Des Moines,283,0.2125,0.057323,0.100147,0.324853
530,Des Moines,284,0.2475,0.063686,0.122675,0.372325
531,Des Moines,285,0.2475,0.063686,0.122675,0.372325
532,Des Moines,286,0.25,0.063246,0.126039,0.373961
533,Des Moines,287,0.2375,0.064408,0.11126,0.36374
534,Des Moines,288,0.2225,0.065333,0.094447,0.350553
535,Des Moines,289,0.2075,0.056929,0.095919,0.319081
536,Des Moines,290,0.185,0.056358,0.074538,0.295462
537,Des Moines,291,0.16,0.052273,0.057544,0.262456
538,Des Moines,292,0.15,0.051841,0.048391,0.251609
539,Des Moines,293,0.15,0.051841,0.048391,0.251609
540,Des Moines,294,0.1625,0.051463,0.061633,0.263367
541,Des Moines,295,0.19,0.054037,0.084087,0.295913
542,Des Moines,296,0.195,0.053374,0.090388,0.299612
543,Des Moines,297,0.2075,0.052473,0.104653,0.310347
544,Des Moines,298,0.215,0.05328,0.110571,0.319429
545,Des Moines,299,0.24,0.05608,0.130083,0.349917
546,Des Moines,300,0.24,0.05608,0.130083,0.349917
547,Des Moines,301,0.235,0.05669,0.123888,0.346112
548,Des Moines,302,0.2225,0.056178,0.112392,0.332608
549,Des Moines,303,0.24,0.057619,0.127066,0.352934
550,Des Moines,304,0.205,0.050237,0.106536,0.303464
551,Houston,1,0.35625,0.145451,0.071167,0.641333
552,Houston,2,0.37125,0.144604,0.087827,0.654673
553,Houston,3,0.73,0.360358,0.023698,1.436302
554,Houston,4,0.7425,0.359297,0.038279,1.446721
555,Houston,5,0.73875,0.359311,0.0345,1.443
556,Houston,6,0.83375,0.36147,0.12527,1.54223
557,Houston,7,1.035,0.392899,0.264917,1.805083
558,Houston,8,1.05625,0.390912,0.290063,1.822437
559,Houston,9,1.0575,0.390745,0.29164,1.82336
560,Houston,10,1.04625,0.392059,0.277814,1.814686
561,Houston,11,1.0575,0.3915,0.29016,1.82484
562,Houston,12,1.19375,0.397319,0.415005,1.972495
563,Houston,13,1.18875,0.397942,0.408784,1.968716
564,Houston,14,1.53875,0.497118,0.564398,2.513102
565,Houston,15,1.595,0.494825,0.625143,2.564857
566,Houston,16,2.16,0.682988,0.821343,3.498657
567,Houston,17,2.19,0.678968,0.859222,3.520778
568,Houston,18,2.24,0.673181,0.920565,3.559435
569,Houston,19,2.215,0.676843,0.888387,3.541613
570,Houston,20,2.255,0.671697,0.938474,3.571526
571,Houston,21,2.125,0.676182,0.799684,3.450316
572,Houston,22,2.18,0.671069,0.864705,3.495295
573,Houston,23,1.90875,0.620275,0.69301,3.12449
574,Houston,24,1.9325,0.617526,0.72215,3.14285
575,Houston,25,1.93375,0.617399,0.723647,3.143853
576,Houston,26,1.975,0.618595,0.762554,3.187446
577,Houston,27,1.80875,0.610879,0.611428,3.006072
578,Houston,28,1.84375,0.608147,0.651781,3.035719
579,Houston,29,2.05875,0.61209,0.859054,3.258446
580,Houston,30,2.18375,0.603387,1.001112,3.366388
581,Houston,31,2.14125,0.609737,0.946166,3.336334
582,Houston,32,1.9975,0.617722,0.786764,3.208236
583,Houston,33,1.9875,0.619293,0.773686,3.201314
584,Houston,34,2.2125,0.743908,0.754441,3.670559
585,Houston,35,2.39375,0.758796,0.90651,3.88099
586,Houston,36,1.89625,0.600295,0.719672,3.072828
587,Houston,37,1.90875,0.59912,0.734475,3.083025
588,Houston,38,1.89125,0.600469,0.71433,3.06817
589,Houston,39,2.12875,0.607645,0.937766,3.319734
590,Houston,40,2.21875,0.604871,1.033204,3.404296
591,Houston,41,2.19375,0.609054,1.000005,3.387495
592,Houston,42,2.13875,0.614745,0.933851,3.343649
593,Houston,43,2.09375,0.617725,0.883009,3.304491
594,Houston,44,2.18,0.613878,0.9768,3.3832
595,Houston,45,2.18625,0.613154,0.984468,3.388032
596,Houston,46,2.25,0.619074,1.036614,3.463386
597,Houston,47,2.24375,0.619836,1.028872,3.458628
598,Houston,48,2.18625,0.627053,0.957226,3.415274
599,Houston,49,1.95625,0.6279,0.725565,3.186935
600,Houston,50,1.81625,0.63633,0.569042,3.063458
601,Houston,51,1.81125,0.637092,0.56255,3.05995
602,Houston,52,2.025,0.639927,0.770744,3.279256
603,Houston,53,2.05625,0.63557,0.810532,3.301968
604,Houston,54,1.48625,0.389244,0.723332,2.249168
605,Houston,55,1.2325,0.338582,0.568879,1.896121
606,Houston,56,1.15375,0.344126,0.479263,1.828237
607,Houston,57,1.11625,0.347434,0.43528,1.79722
608,Houston,58,1.3425,0.402722,0.553166,2.131834
609,Houston,59,1.11125,0.366318,0.393266,1.829234
610,Houston,60,0.97,0.361527,0.261407,1.678593
611,Houston,61,0.96875,0.36171,0.259799,1.677701
612,Houston,62,1.005,0.360332,0.298749,1.711251
613,Houston,63,1.035,0.360873,0.327689,1.742311
614,Houston,64,1.13375,0.391748,0.365924,1.901576
615,Houston,65,1.1475,0.391435,0.380287,1.914713
616,Houston,66,1.00375,0.363108,0.292057,1.715443
617,Houston,67,1.02625,0.362752,0.315256,1.737244
618,Houston,68,1.0375,0.36144,0.329077,1.745923
619,Houston,69,1.2725,0.390204,0.5077,2.0373
620,Houston,70,1.45,0.393347,0.67904,2.22096
621,Houston,71,1.47,0.389682,0.706224,2.233776
622,Houston,72,1.47625,0.391932,0.708063,2.244437
623,Houston,73,1.4875,0.39079,0.721551,2.253449
624,Houston,74,1.4625,0.394689,0.688909,2.236091
625,Houston,75,1.45625,0.395675,0.680726,2.231774
626,Houston,76,1.48,0.391737,0.712195,2.247805
627,Houston,77,1.47875,0.391951,0.710525,2.246975
628,Houston,78,1.27875,0.338675,0.614947,1.942553
629,Houston,79,1.5475,0.390268,0.782575,2.312425
630,Houston,80,1.56125,0.387542,0.801667,2.320833
631,Houston,81,1.56875,0.386001,0.812189,2.325311
632,Houston,82,1.6775,0.393525,0.90619,2.44881
633,Houston,83,1.76375,0.399959,0.979831,2.547669
634,Houston,84,1.6475,0.376654,0.909258,2.385742
635,Houston,85,1.655,0.37618,0.917688,2.392312
636,Houston,86,1.60125,0.383542,0.849507,2.352993
637,Houston,87,1.5525,0.389466,0.789146,2.315854
638,Houston,88,1.80125,0.423451,0.971286,2.631214
639,Houston,89,1.6475,0.401781,0.86001,2.43499
640,Houston,90,1.47875,0.401269,0.692264,2.265236
641,Houston,91,1.45875,0.404851,0.665243,2.252257
642,Houston,92,1.24,0.382252,0.490785,1.989215
643,Houston,93,1.1975,0.386914,0.439148,1.955852
644,Houston,94,1.30125,0.384063,0.548486,2.054014
645,Houston,95,1.36625,0.37952,0.622391,2.110109
646,Houston,96,1.375,0.3785,0.633139,2.116861
647,Houston,97,1.3775,0.378095,0.636434,2.118566
648,Houston,98,1.3125,0.383811,0.56023,2.06477
649,Houston,99,1.25875,0.357138,0.558759,1.958741
650,Houston,100,1.24875,0.35882,0.545464,1.952036
651,Houston,101,1.23875,0.360618,0.531939,1.945561
652,Houston,102,1.075,0.350121,0.388764,1.761236
653,Houston,103,0.92125,0.335789,0.263104,1.579396
654,Houston,104,0.82125,0.332365,0.169815,1.472685
655,Houston,105,0.7925,0.331691,0.142385,1.442615
656,Houston,106,0.8875,0.333975,0.23291,1.54209
657,Houston,107,1.03875,0.349453,0.353823,1.723677
658,Houston,108,0.865,0.277834,0.320445,1.409555
659,Houston,109,0.90375,0.283721,0.347656,1.459844
660,Houston,110,0.98875,0.280766,0.438448,1.539052
661,Houston,111,0.995,0.279534,0.447113,1.542887
662,Houston,112,1.00875,0.277338,0.465167,1.552333
663,Houston,113,1.02375,0.274849,0.485045,1.562455
664,Houston,114,0.9225,0.273198,0.387032,1.457968
665,Houston,115,0.9525,0.277623,0.408358,1.496642
666,Houston,116,0.92875,0.280191,0.379575,1.477925
667,Houston,117,0.935,0.279416,0.387345,1.482655
668,Houston,118,0.9725,0.275675,0.432178,1.512822
669,Houston,119,0.8025,0.211563,0.387836,1.217164
670,Houston,120,0.88,0.209423,0.46953,1.29047
671,Houston,121,1.1875,0.319396,0.561483,1.813517
672,Houston,122,1.5075,0.400617,0.72229,2.29271
673,Houston,123,1.945,0.52986,0.906474,2.983526
674,Houston,124,2.24125,0.5563,1.150902,3.331598
675,Houston,125,2.2375,0.55684,1.146094,3.328906
676,Houston,126,2.14375,0.56667,1.033076,3.254424
677,Houston,127,1.99,0.572466,0.867967,3.112033
678,Houston,128,1.90625,0.57963,0.770174,3.042326
679,Houston,129,1.805,0.586085,0.656273,2.953727
680,Houston,130,1.73125,0.591756,0.571409,2.891091
681,Houston,131,1.7475,0.589518,0.592046,2.902954
682,Houston,132,1.75,0.589205,0.595158,2.904842
683,Houston,133,1.76875,0.587098,0.618038,2.919462
684,Houston,134,1.7825,0.585235,0.635439,2.929561
685,Houston,135,1.95875,0.61378,0.755741,3.161759
686,Houston,136,2.23625,0.631111,0.999272,3.473228
687,Houston,137,2.2325,0.631697,0.994374,3.470626
688,Houston,138,2.195,0.637058,0.946367,3.443633
689,Houston,139,2.14375,0.643688,0.882122,3.405378
690,Houston,140,2.06875,0.651541,0.791729,3.345771
691,Houston,141,1.77,0.625978,0.543083,2.996917
692,Houston,142,1.4525,0.5843,0.307273,2.597727
693,Houston,143,1.01125,0.447166,0.134804,1.887696
694,Houston,144,0.70625,0.367984,-0.014998,1.427498
695,Houston,145,0.6825,0.369053,-0.040844,1.405844
696,Houston,146,0.695,0.368225,-0.02672,1.41672
697,Houston,147,0.69125,0.368546,-0.031099,1.413599
698,Houston,148,0.705,0.367732,-0.015755,1.425755
699,Houston,149,0.7225,0.366687,0.003794,1.441206
700,Houston,150,0.75375,0.365403,0.037559,1.469941
701,Houston,151,0.74375,0.366188,0.026022,1.461478
702,Houston,152,0.74875,0.365917,0.031553,1.465947
703,Houston,153,0.7375,0.366271,0.019608,1.455392
704,Houston,154,0.73875,0.366203,0.020992,1.456508
705,Houston,155,0.475,0.269508,-0.053235,1.003235
706,Houston,156,0.21,0.047017,0.117846,0.302154
707,Houston,157,0.21625,0.047509,0.123132,0.309368
708,Houston,158,0.21375,0.048071,0.11953,0.30797
709,Houston,159,0.23125,0.047199,0.13874,0.32376
710,Houston,160,0.22875,0.047869,0.134926,0.322574
711,Houston,161,0.23,0.047618,0.136668,0.323332
712,Houston,162,0.25875,0.049632,0.161471,0.356029
713,Houston,163,0.28375,0.049727,0.186286,0.381214
714,Houston,164,0.3125,0.047186,0.220015,0.404985
715,Houston,165,0.3125,0.047186,0.220015,0.404985
716,Houston,166,0.3175,0.047503,0.224394,0.410606
717,Houston,167,0.33375,0.045079,0.245395,0.422105
718,Houston,168,0.3275,0.045031,0.239239,0.415761
719,Houston,169,0.3175,0.044725,0.229839,0.405161
720,Houston,170,0.29625,0.038862,0.220081,0.372419
721,Houston,171,0.30375,0.037386,0.230473,0.377027
722,Houston,172,0.28375,0.039815,0.205713,0.361787
723,Houston,173,0.275,0.039449,0.197679,0.352321
724,Houston,174,0.27375,0.039349,0.196626,0.350874
725,Houston,175,0.275,0.03941,0.197757,0.352243
726,Houston,176,0.27125,0.039222,0.194375,0.348125
727,Houston,177,0.26625,0.039022,0.189766,0.342734
728,Houston,178,0.28375,0.036111,0.212973,0.354527
729,Houston,179,0.27625,0.036163,0.205371,0.347129
730,Houston,180,0.3,0.032692,0.235924,0.364076
731,Houston,181,0.3175,0.030368,0.25798,0.37702
732,Houston,182,0.3125,0.028367,0.256901,0.368099
733,Houston,183,0.31125,0.027921,0.256524,0.365976
734,Houston,184,0.32375,0.034117,0.25688,0.39062
735,Houston,185,0.36125,0.041888,0.279149,0.443351
736,Houston,186,0.33,0.049831,0.232331,0.427669
737,Houston,187,0.3025,0.056094,0.192555,0.412445
738,Houston,188,0.30125,0.056138,0.191219,0.411281
739,Houston,189,0.2825,0.059846,0.165202,0.399798
740,Houston,190,0.27375,0.060142,0.155871,0.391629
741,Houston,191,0.2675,0.060702,0.148525,0.386475
742,Houston,192,0.27625,0.059358,0.159909,0.392591
743,Houston,193,0.26125,0.061757,0.140205,0.382295
744,Houston,194,0.25875,0.061676,0.137864,0.379636
745,Houston,195,0.2875,0.069135,0.151995,0.423005
746,Houston,196,0.2975,0.069729,0.16083,0.43417
747,Houston,197,0.2825,0.071744,0.141882,0.423118
748,Houston,198,0.25875,0.074714,0.112312,0.405188
749,Houston,199,0.2625,0.074655,0.116175,0.408825
750,Houston,200,0.25875,0.074336,0.113051,0.404449
751,Houston,201,0.2675,0.075645,0.119236,0.415764
752,Houston,202,0.26375,0.075156,0.116445,0.411055
753,Houston,203,0.25875,0.074525,0.112681,0.404819
754,Houston,204,0.24125,0.070606,0.102862,0.379638
755,Houston,205,0.215,0.063058,0.091407,0.338593
756,Houston,206,0.24375,0.059736,0.126668,0.360832
757,Houston,207,0.255,0.056475,0.14431,0.36569
758,Houston,208,0.26375,0.057077,0.15188,0.37562
759,Houston,209,0.29,0.053776,0.184599,0.395401
760,Houston,210,0.31125,0.054985,0.203479,0.419021
761,Houston,211,0.33,0.054417,0.223342,0.436658
762,Houston,212,0.3475,0.054598,0.240488,0.454512
763,Houston,213,0.36125,0.05079,0.261702,0.460798
764,Houston,214,0.34375,0.054968,0.236013,0.451487
765,Houston,215,0.3125,0.047021,0.22034,0.40466
766,Houston,216,0.305,0.046287,0.214277,0.395723
767,Houston,217,0.32,0.042705,0.236297,0.403703
768,Houston,218,0.3475,0.035351,0.278212,0.416788
769,Houston,219,0.35,0.035178,0.281051,0.418949
770,Houston,220,0.35,0.035178,0.281051,0.418949
771,Houston,221,0.32,0.03765,0.246207,0.393793
772,Houston,222,0.31875,0.037495,0.24526,0.39224
773,Houston,223,0.30125,0.039429,0.22397,0.37853
774,Houston,224,0.31,0.041397,0.228861,0.391139
775,Houston,225,0.345,0.054932,0.237334,0.452666
776,Houston,226,0.36875,0.060205,0.250749,0.486751
777,Houston,227,0.40125,0.059253,0.285115,0.517385
778,Houston,228,0.3925,0.059689,0.275509,0.509491
779,Houston,229,0.39625,0.059825,0.278994,0.513506
780,Houston,230,0.385,0.059145,0.269076,0.500924
781,Houston,231,0.37625,0.059094,0.260426,0.492074
782,Houston,232,0.36625,0.058638,0.25132,0.48118
783,Houston,233,0.3725,0.058065,0.258692,0.486308
784,Houston,234,0.3925,0.053447,0.287744,0.497256
785,Houston,235,0.37625,0.057431,0.263685,0.488815
786,Houston,236,0.37375,0.057594,0.260865,0.486635
787,Houston,237,0.3725,0.057741,0.259327,0.485673
788,Houston,238,0.36875,0.057768,0.255525,0.481975
789,Houston,239,0.36875,0.057768,0.255525,0.481975
790,Houston,240,0.34125,0.064087,0.21564,0.46686
791,Houston,241,0.335,0.06613,0.205386,0.464614
792,Houston,242,0.3025,0.07187,0.161635,0.443365
793,Houston,243,0.285,0.076799,0.134473,0.435527
794,Houston,244,0.24125,0.080298,0.083866,0.398634
795,Houston,245,0.2075,0.069284,0.071703,0.343297
796,Houston,246,0.18875,0.062687,0.065884,0.311616
797,Houston,247,0.1775,0.059185,0.061498,0.293502
798,Houston,248,0.1925,0.061849,0.071276,0.313724
799,Houston,249,0.17875,0.060137,0.060881,0.296619
800,Houston,250,0.1775,0.059971,0.059956,0.295044
801,Houston,251,0.1775,0.059971,0.059956,0.295044
802,Houston,252,0.18375,0.06104,0.064112,0.303388
803,Houston,253,0.1875,0.061581,0.066802,0.308198
804,Houston,254,0.18875,0.061732,0.067755,0.309745
805,Houston,255,0.2075,0.060805,0.088323,0.326677
806,Houston,256,0.1875,0.062787,0.064438,0.310562
807,Houston,257,0.19125,0.063005,0.067761,0.314739
808,Houston,258,0.2,0.064493,0.073593,0.326407
809,Houston,259,0.20375,0.064959,0.076431,0.331069
810,Houston,260,0.23,0.061761,0.108949,0.351051
811,Houston,261,0.2525,0.058654,0.137538,0.367462
812,Houston,262,0.28375,0.052894,0.180079,0.387421
813,Houston,263,0.30375,0.044836,0.215872,0.391628
814,Houston,264,0.34625,0.034062,0.279488,0.413012
815,Houston,265,0.40625,0.06894,0.271127,0.541373
816,Houston,266,0.56125,0.16924,0.22954,0.89296
817,Houston,267,0.8075,0.28898,0.241098,1.373902
818,Houston,268,1.0375,0.35755,0.336701,1.738299
819,Houston,269,1.2425,0.388069,0.481886,2.003114
820,Houston,270,1.35375,0.390061,0.58923,2.11827
821,Houston,271,1.395,0.386546,0.637371,2.152629
822,Houston,272,1.3875,0.38753,0.627941,2.147059
823,Houston,273,1.3875,0.38753,0.627941,2.147059
824,Houston,274,1.38625,0.387699,0.626359,2.146141
825,Houston,275,1.3825,0.38823,0.62157,2.14343
826,Houston,276,1.41625,0.383036,0.6655,2.167
827,Houston,277,1.46375,0.37889,0.721125,2.206375
828,Houston,278,1.45875,0.379557,0.714819,2.202681
829,Houston,279,1.43875,0.382833,0.688398,2.189102
830,Houston,280,1.4325,0.383789,0.680273,2.184727
831,Houston,281,1.42375,0.385172,0.668812,2.178688
832,Houston,283,1.41875,0.385883,0.662419,2.175081
833,Houston,284,1.4125,0.386998,0.653985,2.171015
834,Houston,285,1.4225,0.386005,0.665931,2.179069
835,Houston,286,1.34125,0.392469,0.57201,2.11049
836,Houston,287,1.19125,0.376697,0.452923,1.929577
837,Houston,288,0.97875,0.309669,0.3718,1.5857
838,Houston,289,0.85625,0.243008,0.379955,1.332545
839,Houston,290,0.6425,0.169845,0.309605,0.975395
840,Houston,291,0.56625,0.140804,0.290274,0.842226
841,Houston,292,0.6525,0.178079,0.303465,1.001535
842,Houston,293,0.81375,0.225232,0.372295,1.255205
843,Houston,294,0.9925,0.271455,0.460448,1.524552
844,Houston,295,1.12875,0.286756,0.566708,1.690792
845,Houston,296,1.3725,0.342422,0.701353,2.043647
846,Houston,297,1.58375,0.377191,0.844456,2.323044
847,Houston,298,1.6775,0.384049,0.924764,2.430236
848,Houston,299,1.66,0.387324,0.900845,2.419155
849,Houston,300,1.6575,0.387867,0.89728,2.41772
850,Houston,301,1.64875,0.389601,0.885132,2.412368
851,Houston,302,1.67875,0.384802,0.924538,2.432962
852,Houston,303,1.9325,0.41668,1.115807,2.749193
853,Houston,304,2,0.405879,1.204478,2.795522
854,Houston,305,2.06125,0.400806,1.275671,2.846829
855,Houston,306,2.2025,0.387011,1.443958,2.961042
856,Houston,307,2.16875,0.395415,1.393737,2.943763
857,Houston,308,2.1,0.409901,1.296594,2.903406
858,Houston,309,1.95125,0.424398,1.119429,2.783071
859,Houston,310,1.9525,0.424116,1.121232,2.783768
860,Houston,311,1.98625,0.421695,1.159728,2.812772
861,Houston,312,1.93125,0.419463,1.109102,2.753398
862,Houston,313,1.89,0.413512,1.079517,2.700483
863,Houston,314,1.69625,0.407746,0.897067,2.495433
864,Houston,315,1.54625,0.409055,0.744503,2.347997
865,Houston,316,1.305,0.369161,0.581444,2.028556
866,Houston,317,1.085,0.325454,0.447111,1.722889
867,Houston,318,1.0175,0.31061,0.408705,1.626295
868,Houston,319,1.17625,0.324131,0.540953,1.811547
869,Houston,320,1.2,0.320444,0.57193,1.82807
870,Houston,321,1.21375,0.318195,0.590087,1.837413
871,Houston,322,1.28125,0.319809,0.654425,1.908075
872,Houston,323,1.07875,0.242573,0.603308,1.554192
873,Houston,324,1.0775,0.242512,0.602176,1.552824
874,Houston,325,0.97125,0.244951,0.491147,1.451353
875,Houston,326,0.83875,0.229738,0.388463,1.289037
876,Houston,327,1.00375,0.251305,0.511193,1.496307
877,Houston,328,1.05125,0.243602,0.573789,1.528711
878,Houston,329,1.1625,0.237372,0.697252,1.627748
879,Houston,330,2.24375,1.023085,0.238504,4.248996
880,Houston,331,2.36625,1.02679,0.353742,4.378758
881,Houston,332,2.33375,1.028253,0.318374,4.349126
882,Houston,333,2.205,1.033604,0.179137,4.230863
883,Houston,334,2.19875,1.034258,0.171605,4.225895
884,Houston,335,2.21,1.033147,0.185033,4.234967
885,Houston,336,2.22375,1.031962,0.201105,4.246395
886,Houston,337,2.28125,1.028327,0.26573,4.29677
887,Houston,338,2.27375,1.028537,0.257817,4.289683
888,Houston,339,2.12125,1.032219,0.098101,4.144399
889,Houston,340,2.12,1.032322,0.096648,4.143352
890,Houston,341,2.16,1.029529,0.142124,4.177876
891,Houston,342,2.14875,1.029634,0.130668,4.166832
892,Houston,343,2.3925,1.046853,0.340669,4.444331
893,Houston,344,2.50625,1.046788,0.454545,4.557955
894,Houston,345,2.525,1.044566,0.47765,4.57235
895,Houston,346,2.53125,1.043866,0.485273,4.577227
896,Houston,347,2.37375,1.05009,0.315574,4.431926
897,Houston,348,2.34125,1.053153,0.277069,4.405431
898,Houston,349,2.25125,1.058465,0.176658,4.325842
899,Houston,350,1.34875,0.375681,0.612416,2.085084
900,Houston,351,1.34125,0.372946,0.610277,2.072223
901,Houston,352,1.36,0.372787,0.629338,2.090662
902,Houston,353,1.36,0.372787,0.629338,2.090662
903,Houston,354,1.3725,0.370658,0.646011,2.098989
904,Houston,355,1.49625,0.37196,0.767209,2.225291
905,Houston,356,1.5025,0.371235,0.77488,2.23012
906,Houston,357,1.43375,0.377029,0.694773,2.172727
907,Houston,358,1.37625,0.379726,0.631986,2.120514
908,Houston,359,1.3825,0.378785,0.64008,2.12492
909,Houston,360,1.365,0.38143,0.617397,2.112603
910,Houston,361,1.3075,0.387496,0.548007,2.066993
911,Houston,362,1.21125,0.392088,0.442758,1.979742
912,Houston,363,0.945,0.29819,0.360547,1.529453
913,Houston,364,0.78625,0.26666,0.263596,1.308904
914,Houston,365,0.8275,0.265347,0.30742,1.34758
915,Indianapolis,1,2.495,1.617294,-0.674896,5.664896
916,Indianapolis,2,2.62,1.612427,-0.540357,5.780357
917,Indianapolis,3,3.335,1.703476,-0.003812,6.673812
918,Indianapolis,4,4.7425,2.082197,0.661394,8.823606
919,Indianapolis,5,5.32875,2.143953,1.126602,9.530898
920,Indianapolis,6,5.23875,2.148532,1.027628,9.449872
921,Indianapolis,7,5.7925,2.167736,1.543738,10.041262
922,Indianapolis,13,7.19625,2.403225,2.485929,11.906571
923,Indianapolis,14,7.4525,2.378914,2.789828,12.115172
924,Indianapolis,15,7.3475,2.391461,2.660237,12.034763
925,Indianapolis,16,7.775,2.368232,3.133266,12.416734
926,Indianapolis,17,8.3525,2.34201,3.762161,12.942839
927,Indianapolis,18,9.08625,2.32776,4.52384,13.64866
928,Indianapolis,19,11.55125,3.004175,5.663066,17.439434
929,Indianapolis,20,11.78125,2.968299,5.963385,17.599115
930,Indianapolis,21,11.83875,2.957348,6.042348,17.635152
931,Indianapolis,22,13.255,2.99401,7.386739,19.123261
932,Indianapolis,23,13.275,2.989928,7.414741,19.135259
933,Indianapolis,24,14.81,3.033442,8.864454,20.755546
934,Indianapolis,25,15.5375,2.950173,9.75516,21.31984
935,Indianapolis,26,15.1225,2.84913,9.538205,20.706795
936,Indianapolis,27,15.0225,2.872763,9.391884,20.653116
937,Indianapolis,28,14.365,2.950877,8.581281,20.148719
938,Indianapolis,29,13.525,2.864866,7.909863,19.140137
939,Indianapolis,30,13.645,2.871069,8.017705,19.272295
940,Indianapolis,31,14.0875,2.814713,8.570662,19.604338
941,Indianapolis,32,13.73,2.845873,8.152089,19.307911
942,Indianapolis,33,12.3875,2.8051,6.889504,17.885496
943,Indianapolis,34,12.195,2.835359,6.637696,17.752304
944,Indianapolis,35,12.3075,2.814499,6.791082,17.823918
945,Indianapolis,36,12.0425,2.840623,6.474878,17.610122
946,Indianapolis,37,11.545,2.884668,5.89105,17.19895
947,Indianapolis,38,11.3775,2.878816,5.735021,17.019979
948,Indianapolis,39,9.21,2.113293,5.067946,13.352054
949,Indianapolis,40,9.2075,2.113564,5.064914,13.350086
950,Indianapolis,41,9.315,2.095466,5.207887,13.422113
951,Indianapolis,42,8.03,1.877896,4.349324,11.710676
952,Indianapolis,43,8.31,1.846925,4.690027,11.929973
953,Indianapolis,44,8.3375,1.864007,4.684046,11.990954
954,Indianapolis,45,7.825,1.830804,4.236624,11.413376
955,Indianapolis,46,7.575,1.724629,4.194728,10.955272
956,Indianapolis,47,7.8475,1.689218,4.536634,11.158366
957,Indianapolis,48,8.645,1.711001,5.291438,11.998562
958,Indianapolis,49,9.3775,1.90955,5.634782,13.120218
959,Indianapolis,50,9.095,1.866996,5.435688,12.754312
960,Indianapolis,51,9.0625,1.865562,5.405998,12.719002
961,Indianapolis,52,9.5475,1.877806,5.867,13.228
962,Indianapolis,53,10.3625,1.867906,6.701404,14.023596
963,Indianapolis,54,10.39,1.861564,6.741335,14.038665
964,Indianapolis,55,10.2975,1.882241,6.608308,13.986692
965,Indianapolis,56,10.1375,1.915388,6.38334,13.89166
966,Indianapolis,57,10.22,1.898942,6.498074,13.941926
967,Indianapolis,58,9.705,1.943341,5.896052,13.513948
968,Indianapolis,59,9.69,1.944729,5.878332,13.501668
969,Indianapolis,60,10.2025,1.941811,6.39655,14.00845
970,Indianapolis,61,10.085,1.966072,6.231499,13.938501
971,Indianapolis,62,10.01,1.98174,6.125789,13.894211
972,Indianapolis,63,12.3,2.86104,6.692362,17.907638
973,Indianapolis,64,10.8975,2.709311,5.58725,16.20775
974,Indianapolis,65,10.8,2.720935,5.466967,16.133033
975,Indianapolis,80,11.2175,2.822358,5.685679,16.749321
976,Indianapolis,81,10.9925,2.851524,5.403512,16.581488
977,Indianapolis,82,10.365,2.849364,4.780246,15.949754
978,Indianapolis,83,10.3125,2.835247,4.755417,15.869583
979,Indianapolis,84,9.8125,2.861249,4.204451,15.420549
980,Indianapolis,85,10.9925,3.094972,4.926354,17.058646
981,Indianapolis,86,10.6925,3.088872,4.638311,16.746689
982,Indianapolis,87,10.2925,3.068359,4.278516,16.306484
983,Indianapolis,91,10.6825,3.039386,4.725304,16.639696
984,Indianapolis,92,10.63,3.048123,4.655679,16.604321
985,Indianapolis,93,10.79,3.026102,4.85884,16.72116
986,Indianapolis,94,10.67,3.042968,4.705782,16.634218
987,Indianapolis,95,10.605,3.053404,4.620329,16.589671
988,Indianapolis,96,10.3575,3.081668,4.31743,16.39757
989,Indianapolis,97,9.6575,3.106075,3.569593,15.745407
990,Indianapolis,98,9.925,3.079191,3.889785,15.960215
991,Indianapolis,99,10.7925,3.070251,4.774808,16.810192
992,Indianapolis,100,8.3475,2.207126,4.021533,12.673467
993,Indianapolis,101,8.2425,2.22075,3.889831,12.595169
994,Indianapolis,102,8.3175,2.213765,3.978522,12.656478
995,Indianapolis,103,7.785,2.021738,3.822393,11.747607
996,Indianapolis,104,7.835,2.014541,3.886499,11.783501
997,Indianapolis,105,7.61375,2.043638,3.60822,11.61928
998,Indianapolis,106,6.7975,1.839046,3.19297,10.40203
999,Indianapolis,107,7.68375,1.92664,3.907536,11.459964
1000,Indianapolis,108,7.01,1.539521,3.992538,10.027462
1001,Indianapolis,109,6.595,1.564291,3.52899,9.66101
1002,Indianapolis,110,6.925,1.628274,3.733584,10.116416
1003,Indianapolis,111,8.235,2.159802,4.001788,12.468212
1004,Indianapolis,112,8.26125,2.154944,4.03756,12.48494
1005,Indianapolis,113,8.085,2.179284,3.813603,12.356397
1006,Indianapolis,114,8.41,2.14927,4.197431,12.622569
1007,Indianapolis,115,8.67625,2.113791,4.533219,12.819281
1008,Indianapolis,116,9.07,2.076812,4.999448,13.140552
1009,Indianapolis,117,9.08,2.074855,5.013284,13.146716
1010,Indianapolis,118,8.88125,2.097331,4.770482,12.992018
1011,Indianapolis,119,7.99875,2.073314,3.935054,12.062446
1012,Indianapolis,120,8.01875,2.071356,3.958892,12.078608
1013,Indianapolis,121,8.325,2.044499,4.317781,12.332219
1014,Indianapolis,122,8.225,2.055171,4.196865,12.253135
1015,Indianapolis,123,7.74625,1.993362,3.839261,11.653239
1016,Indianapolis,124,7.87,1.980686,3.987855,11.752145
1017,Indianapolis,125,7.99375,1.960214,4.15173,11.83577
1018,Indianapolis,126,7.66625,1.979583,3.786268,11.546232
1019,Indianapolis,127,7.34,1.903467,3.609205,11.070795
1020,Indianapolis,128,6.765,1.783015,3.270291,10.259709
1021,Indianapolis,129,7.35,1.776317,3.868418,10.831582
1022,Indianapolis,130,7.485,1.814598,3.928387,11.041613
1023,Indianapolis,131,5.82875,1.080599,3.710776,7.946724
1024,Indianapolis,132,6.1075,1.045786,4.057759,8.157241
1025,Indianapolis,133,6.86625,1.099739,4.710762,9.021738
1026,Indianapolis,134,6.50625,1.144435,4.263158,8.749342
1027,Indianapolis,135,6.23,1.187155,3.903177,8.556823
1028,Indianapolis,136,5.99375,1.183162,3.674753,8.312747
1029,Indianapolis,137,5.94125,1.195176,3.598706,8.283794
1030,Indianapolis,138,5.8625,1.209631,3.491623,8.233377
1031,Indianapolis,139,5.875,1.207048,3.509185,8.240815
1032,Indianapolis,140,6.405,1.277652,3.900801,8.909199
1033,Indianapolis,141,7.66625,1.815897,4.107092,11.225408
1034,Indianapolis,156,7.64875,1.818272,4.084936,11.212564
1035,Indianapolis,157,7.4475,1.824546,3.87139,11.02361
1036,Indianapolis,158,7.38875,1.829419,3.803089,10.974411
1037,Indianapolis,159,7.39375,1.828778,3.809346,10.978154
1038,Indianapolis,160,7.435,1.823382,3.861171,11.008829
1039,Indianapolis,161,6.9125,1.810423,3.36407,10.46093
1040,Indianapolis,162,6.61375,1.816401,3.053605,10.173895
1041,Indianapolis,163,6.12375,1.799717,2.596306,9.651194
1042,Indianapolis,164,5.40125,1.675765,2.11675,8.68575
1043,Indianapolis,165,5.3975,1.676046,2.112449,8.682551
1044,Indianapolis,166,5.2625,1.67838,1.972874,8.552126
1045,Indianapolis,167,4.845,1.597173,1.714541,7.975459
1046,Indianapolis,168,5.33,1.598122,2.197682,8.462318
1047,Indianapolis,169,6.3525,1.732695,2.956418,9.748582
1048,Indianapolis,170,6.63,1.736165,3.227117,10.032883
1049,Indianapolis,171,7.6525,1.824714,4.076061,11.228939
1050,Indianapolis,172,7.7375,1.810345,4.189224,11.285776
1051,Indianapolis,173,8.0575,1.777366,4.573863,11.541137
1052,Indianapolis,174,7.535,1.751771,4.101529,10.968471
1053,Indianapolis,175,6.1,1.179942,3.787314,8.412686
1054,Indianapolis,176,6.0975,1.18032,3.784072,8.410928
1055,Indianapolis,177,6,1.191108,3.665429,8.334571
1056,Indianapolis,178,5.955,1.196061,3.610721,8.299279
1057,Indianapolis,179,6.06,1.186332,3.73479,8.38521
1058,Indianapolis,180,6.24,1.176428,3.934201,8.545799
1059,Indianapolis,181,6.5175,1.167504,4.229192,8.805808
1060,Indianapolis,182,6.6475,1.155008,4.383684,8.911316
1061,Indianapolis,183,7.2725,1.20765,4.905506,9.639494
1062,Indianapolis,184,7.1925,1.219294,4.802683,9.582317
1063,Indianapolis,185,7.265,1.208383,4.89657,9.63343
1064,Indianapolis,186,7.45,1.192141,5.113404,9.786596
1065,Indianapolis,187,7.265,1.207234,4.898822,9.631178
1066,Indianapolis,188,7.4225,1.234527,5.002828,9.842172
1067,Indianapolis,189,6.575,1.049914,4.517169,8.632831
1068,Indianapolis,190,6.2375,1.051219,4.177111,8.297889
1069,Indianapolis,191,5.35,0.769399,3.841978,6.858022
1070,Indianapolis,192,5.695,0.776707,4.172654,7.217346
1071,Indianapolis,193,6.3925,1.088292,4.259449,8.525551
1072,Indianapolis,194,6.69,1.098275,4.537381,8.842619
1073,Indianapolis,195,7.4275,1.239191,4.998686,9.856314
1074,Indianapolis,196,7.435,1.23772,5.009068,9.860932
1075,Indianapolis,197,7.4575,1.233376,5.040083,9.874917
1076,Indianapolis,198,7.455,1.23384,5.036674,9.873326
1077,Indianapolis,199,7.4575,1.233579,5.039686,9.875314
1078,Indianapolis,200,7.2725,1.252665,4.817278,9.727722
1079,Indianapolis,201,6.9925,1.269677,4.503934,9.481066
1080,Indianapolis,202,7.1375,1.269876,4.648542,9.626458
1081,Indianapolis,203,6.9275,1.218675,4.538897,9.316103
1082,Indianapolis,204,7.165,1.201291,4.810469,9.519531
1083,Indianapolis,205,7.0975,1.211102,4.72374,9.47126
1084,Indianapolis,206,7.415,1.250045,4.964911,9.865089
1085,Indianapolis,207,7.5575,1.235649,5.135628,9.979372
1086,Indianapolis,208,7.17,1.205308,4.807596,9.532404
1087,Indianapolis,209,7.1475,1.208928,4.778002,9.516998
1088,Indianapolis,210,7.1675,1.205608,4.804508,9.530492
1089,Indianapolis,211,7.2275,1.19587,4.883594,9.571406
1090,Indianapolis,212,6.9325,1.204841,4.571012,9.293988
1091,Indianapolis,213,6.005,0.965226,4.113157,7.896843
1092,Indianapolis,214,5.63,0.951876,3.764323,7.495677
1093,Indianapolis,215,4.8275,0.67302,3.508381,6.146619
1094,Indianapolis,216,4.9075,0.664542,3.604998,6.210002
1095,Indianapolis,217,5.5625,0.847171,3.902045,7.222955
1096,Indianapolis,218,5.5625,0.847171,3.902045,7.222955
1097,Indianapolis,219,5.4625,0.856635,3.783495,7.141505
1098,Indianapolis,220,5.6075,0.846975,3.94743,7.26757
1099,Indianapolis,221,5.69,0.83706,4.049362,7.330638
1100,Indianapolis,222,5.5925,0.825721,3.974086,7.210914
1101,Indianapolis,223,5.1875,0.786534,3.645893,6.729107
1102,Indianapolis,224,4.8825,0.794924,3.32445,6.44055
1103,Indianapolis,225,4.82625,0.803604,3.251186,6.401314
1104,Indianapolis,226,4.24,0.683167,2.900993,5.579007
1105,Indianapolis,227,4.02875,0.680795,2.694391,5.363109
1106,Indianapolis,228,3.88875,0.680371,2.555223,5.222277
1107,Indianapolis,229,3.8375,0.685345,2.494223,5.180777
1108,Indianapolis,230,3.78875,0.688718,2.438862,5.138638
1109,Indianapolis,231,4.78375,1.194121,2.443272,7.124228
1110,Indianapolis,232,4.8975,1.192677,2.559854,7.235146
1111,Indianapolis,233,5.725,1.378197,3.023733,8.426267
1112,Indianapolis,234,5.94125,1.370956,3.254177,8.628323
1113,Indianapolis,235,5.89875,1.376362,3.20108,8.59642
1114,Indianapolis,236,5.7775,1.388644,3.055759,8.499241
1115,Indianapolis,237,6.90125,2.068032,2.847907,10.954593
1116,Indianapolis,238,7.2025,2.059351,3.166171,11.238829
1117,Indianapolis,239,7.34875,2.048981,3.332747,11.364753
1118,Indianapolis,240,7.27375,2.053024,3.249823,11.297677
1119,Indianapolis,241,7.22,2.057384,3.187527,11.252473
1120,Indianapolis,242,7.20875,2.057583,3.175887,11.241613
1121,Indianapolis,243,7.18375,2.060343,3.145478,11.222022
1122,Indianapolis,244,7.8875,2.07823,3.81417,11.96083
1123,Indianapolis,245,8.3425,2.059094,4.306675,12.378325
1124,Indianapolis,246,9.14375,2.078351,5.070182,13.217318
1125,Indianapolis,247,10.1975,2.154085,5.975494,14.419506
1126,Indianapolis,248,10.98,2.151108,6.763827,15.196173
1127,Indianapolis,249,10.8925,2.170921,6.637495,15.147505
1128,Indianapolis,250,10.7825,2.195014,6.480273,15.084727
1129,Indianapolis,251,9.63625,2.138726,5.444347,13.828153
1130,Indianapolis,252,10.2675,2.168559,6.017125,14.517875
1131,Indianapolis,253,9.3325,2.164243,5.090584,13.574416
1132,Indianapolis,254,8.9975,2.205944,4.673851,13.321149
1133,Indianapolis,255,9.1675,2.185105,4.884694,13.450306
1134,Indianapolis,256,9.11875,2.193795,4.818912,13.418588
1135,Indianapolis,257,8.08,1.669853,4.807089,11.352911
1136,Indianapolis,258,7.76125,1.691032,4.446827,11.075673
1137,Indianapolis,259,7.50125,1.724573,4.121087,10.881413
1138,Indianapolis,260,8.0075,1.748741,4.579968,11.435032
1139,Indianapolis,261,7.89875,1.766269,4.436862,11.360638
1140,Indianapolis,262,7.6275,1.797481,4.104438,11.150562
1141,Indianapolis,263,8.9,2.025841,4.929352,12.870648
1142,Indianapolis,264,8.5975,1.99688,4.683615,12.511385
1143,Indianapolis,265,8.08,2.030147,4.100911,12.059089
1144,Indianapolis,266,7.2575,1.99219,3.352807,11.162193
1145,Indianapolis,267,6.3325,1.81724,2.77071,9.89429
1146,Indianapolis,268,6.0025,1.735666,2.600594,9.404406
1147,Indianapolis,269,6.25625,1.711249,2.902203,9.610297
1148,Indianapolis,270,6.37875,1.693556,3.05938,9.69812
1149,Indianapolis,271,6.4325,1.685614,3.128697,9.736303
1150,Indianapolis,272,5.55125,1.591616,2.431682,8.670818
1151,Indianapolis,273,5.54,1.593385,2.416965,8.663035
1152,Indianapolis,274,5.60125,1.584552,2.495528,8.706972
1153,Indianapolis,275,6.21875,1.691336,2.903731,9.533769
1154,Indianapolis,276,6.27875,1.682803,2.980456,9.577044
1155,Indianapolis,277,5.42625,1.596428,2.297251,8.555249
1156,Indianapolis,278,5.99875,1.640861,2.782663,9.214837
1157,Indianapolis,279,6.5625,1.640549,3.347024,9.777976
1158,Indianapolis,280,6.99625,1.792579,3.482796,10.509704
1159,Indianapolis,281,7.17375,1.772113,3.700408,10.647092
1160,Indianapolis,282,7.64375,1.748635,4.216425,11.071075
1161,Indianapolis,283,6.44625,1.414331,3.674161,9.218339
1162,Indianapolis,284,6.02,1.428136,3.220853,8.819147
1163,Indianapolis,285,6.09875,1.415128,3.3251,8.8724
1164,Indianapolis,286,6.07625,1.419107,3.294801,8.857699
1165,Indianapolis,287,5.93875,1.431803,3.132415,8.745085
1166,Indianapolis,288,5.38875,1.422434,2.60078,8.17672
1167,Indianapolis,289,5.77125,1.469975,2.890099,8.652401
1168,Indianapolis,290,6.11,1.470803,3.227227,8.992773
1169,Indianapolis,291,6.0425,1.481779,3.138213,8.946787
1170,Indianapolis,292,7.16375,1.669784,3.890973,10.436527
1171,Indianapolis,293,8.57,1.928524,4.790093,12.349907
1172,Indianapolis,294,8.5175,1.938663,4.71772,12.31728
1173,Indianapolis,295,7.6775,1.911336,3.931281,11.423719
1174,Indianapolis,296,10.9225,3.439565,4.180953,17.664047
1175,Indianapolis,297,11.35,3.400746,4.684537,18.015463
1176,Indianapolis,298,10.835,3.418061,4.135601,17.534399
1177,Indianapolis,299,10.4575,3.431955,3.730868,17.184132
1178,Indianapolis,300,12.0675,4.035381,4.158152,19.976848
1179,Indianapolis,301,13.045,4.059156,5.089054,21.000946
1180,Indianapolis,311,13.665,4.083484,5.661372,21.668628
1181,Indianapolis,312,14.1425,4.052797,6.199017,22.085983
1182,Indianapolis,313,16.5575,4.336351,8.058252,25.056748
1183,Indianapolis,314,16.64,4.323372,8.166191,25.113809
1184,Indianapolis,315,17.1125,4.261169,8.760609,25.464391
1185,Indianapolis,316,17.03,4.27653,8.648002,25.411998
1186,Indianapolis,317,17.0175,4.27894,8.630777,25.404223
1187,Indianapolis,318,16.4225,4.345652,7.905022,24.939978
1188,Indianapolis,319,17.4775,4.381917,8.888943,26.066057
1189,Indianapolis,320,18.78,4.314462,10.323655,27.236345
1190,Indianapolis,321,17.745,4.380083,9.160038,26.329962
1191,Indianapolis,322,16.52,4.391709,7.912251,25.127749
1192,Indianapolis,323,17.295,4.315093,8.837419,25.752581
1193,Indianapolis,324,17.345,4.305888,8.905459,25.784541
1194,Indianapolis,325,14.3625,3.492352,7.51749,21.20751
1195,Indianapolis,326,14.065,3.526215,7.15362,20.97638
1196,Indianapolis,327,13.995,3.537195,7.062098,20.927902
1197,Indianapolis,328,14.175,3.516947,7.281783,21.068217
1198,Indianapolis,329,11.5775,2.843127,6.004972,17.150028
1199,Indianapolis,330,10.4,2.811134,4.890177,15.909823
1200,Indianapolis,331,9.325,2.769963,3.895873,14.754127
1201,Indianapolis,332,9.1625,2.762381,3.748233,14.576767
1202,Indianapolis,333,7.4975,1.890276,3.792559,11.202441
1203,Indianapolis,334,8.9675,2.254433,4.548812,13.386188
1204,Indianapolis,335,8.49,2.288109,4.005305,12.974695
1205,Indianapolis,336,8.615,2.269039,4.167683,13.062317
1206,Indianapolis,337,8.6625,2.260898,4.231139,13.093861
1207,Indianapolis,338,8.8425,2.23748,4.45704,13.22796
1208,Indianapolis,339,7.3875,1.966297,3.533558,11.241442
1209,Indianapolis,340,6.0975,1.72115,2.724047,9.470953
1210,Indianapolis,341,6.0625,1.725242,2.681025,9.443975
1211,Indianapolis,342,7.165,1.977198,3.289691,11.040309
1212,Indianapolis,343,6.405,1.944935,2.592927,10.217073
1213,Indianapolis,344,6.3575,1.950917,2.533702,10.181298
1214,Indianapolis,345,6.0775,1.963204,2.229621,9.925379
1215,Indianapolis,346,6.0375,1.966469,2.183222,9.891778
1216,Indianapolis,347,6.1075,1.960903,2.26413,9.95087
1217,Indianapolis,348,6.31,1.980254,2.428701,10.191299
1218,Indianapolis,349,6.22,1.988792,2.321968,10.118032
1219,Indianapolis,350,6.23,1.98744,2.334618,10.125382
1220,Indianapolis,351,6.19,1.992827,2.28406,10.09594
1221,Indianapolis,352,5.9025,1.983581,2.014681,9.790319
1222,Indianapolis,353,5.1575,1.925066,1.384371,8.930629
1223,Indianapolis,354,3.56,1.284716,1.041957,6.078043
1224,Indianapolis,355,4.02,1.312347,1.4478,6.5922
