EST,Max TemperatureF,Mean TemperatureF,Min TemperatureF,Max Dew PointF,MeanDew PointF,Min DewpointF,Max Humidity,Mean Humidity,Min Humidity,Max Sea Level PressureIn,Mean Sea Level PressureIn,Min Sea Level PressureIn,Max VisibilityMiles,Mean VisibilityMiles,Min VisibilityMiles,Max Wind SpeedMPH,Mean Wind SpeedMPH,Max Gust SpeedMPH,PrecipitationIn,CloudCover,Events,WindDirDegrees
2016-1-1,36,33,30,26,21,17,82,65,48,30.22,30.16,30.11,10,10,9,17,13,25,0.00,8,,264
2016-1-2,37,32,28,23,21,19,72,64,54,30.17,30.09,29.99,10,10,10,17,10,23,0.00,6,,235
2016-1-3,34,32,30,25,23,19,75,67,61,30.07,29.98,29.90,10,10,4,17,11,23,0.00,6,Snow,267
2016-1-4,30,22,15,22,15,4,88,68,46,30.54,30.20,30.00,10,7,0,17,9,31,0.02,6,Fog-Snow,340
2016-1-5,28,18,8,6,4,1,73,54,37,30.71,30.64,30.55,10,10,10,7,4,,0.00,0,,107
2016-1-6,42,28,14,15,10,6,86,50,26,30.53,30.45,30.33,10,8,2,9,5,,0.00,0,,157
2016-1-7,48,36,23,18,13,9,78,41,22,30.31,30.23,30.14,10,10,5,5,1,,0.00,0,,101
2016-1-8,44,35,28,41,29,13,96,74,46,30.12,30.01,29.94,10,7,1,9,4,,0.12,5,Rain,139
2016-1-9,55,48,41,43,41,38,93,83,62,30.01,29.92,29.74,10,7,0,17,8,28,0.06,3,Fog-Rain,155
2016-1-10,50,36,21,45,32,7,93,79,55,29.94,29.59,29.35,10,7,1,37,14,46,0.67,8,Rain-Snow,232
2016-1-11,24,20,16,12,8,5,71,62,46,30.12,30.05,29.90,10,10,6,21,13,30,0.00,5,Snow,243
2016-1-12,32,24,14,27,20,4,89,78,54,30.08,29.75,29.61,10,3,0,23,13,37,0.05,8,Fog-Snow,226
2016-1-13,19,12,6,10,3,-1,76,64,45,30.22,30.10,29.90,10,10,2,20,13,28,0.00,4,Snow,225
2016-1-14,44,32,21,31,21,9,65,58,53,29.97,29.91,29.86,10,10,10,16,11,22,0.00,5,,207
2016-1-15,51,46,41,39,29,24,89,57,35,29.86,29.67,29.43,10,10,4,15,9,,0.12,3,Rain,170
2016-1-16,43,38,32,40,31,22,89,80,66,29.91,29.66,29.40,10,8,0,17,10,24,0.07,8,Fog-Rain-Snow,265
2016-1-17,32,22,12,25,18,0,82,70,56,30.00,29.83,29.75,10,7,2,20,9,31,0.00,8,Snow,281
2016-1-18,12,10,8,4,0,-4,73,62,51,30.27,30.13,29.95,10,8,2,20,14,29,0.00,6,Snow,264
2016-1-19,18,12,7,3,1,-3,70,62,52,30.51,30.40,30.17,10,10,3,16,12,22,0.00,3,Snow,263
2016-1-20,21,15,9,16,11,2,86,77,60,30.48,30.20,30.06,10,5,1,12,5,17,0.03,6,Snow,305
2016-1-21,24,19,14,14,11,9,84,72,62,30.41,30.34,30.25,10,9,5,9,6,,0.00,6,,265
2016-1-22,25,20,16,17,14,10,85,77,63,30.33,30.11,29.92,10,5,0,12,6,21,0.16,5,Fog-Snow,50
2016-1-23,28,24,18,17,15,12,85,77,53,30.08,29.90,29.81,10,3,0,15,10,24,0.33,5,Fog-Snow,351
2016-1-24,28,20,12,16,12,8,88,73,54,30.23,30.13,29.99,10,10,6,13,7,,0.00,2,,213
2016-1-25,44,32,19,20,16,12,88,60,28,30.22,30.13,29.98,10,8,2,14,8,,0.00,0,,164
2016-1-26,50,42,34,40,33,22,79,67,39,30.11,29.98,29.90,10,10,10,23,13,33,0.02,8,Rain,233
2016-1-27,33,29,24,25,19,16,75,63,54,30.27,30.18,30.10,10,10,8,18,10,28,0.00,6,,257
2016-1-28,43,33,23,31,22,17,85,65,40,30.08,29.79,29.61,10,9,2,16,10,23,0.00,4,Snow,196
2016-1-29,37,30,21,31,21,13,85,70,58,30.04,29.75,29.56,10,7,0,20,12,33,0.02,7,Fog-Snow,299
2016-1-30,54,38,21,24,20,13,74,48,30,30.04,29.93,29.81,10,10,10,16,10,,0.00,1,,182
2016-1-31,64,56,48,43,36,25,53,46,39,29.88,29.79,29.69,10,10,10,17,11,26,0.00,4,,193
2016-2-1,60,48,36,50,39,30,88,72,53,30.15,29.90,29.69,10,10,4,16,11,28,0.05,6,Rain,320
2016-2-2,51,40,30,37,30,26,85,64,43,30.28,30.13,29.90,10,10,8,21,7,30,0.00,0,,93
2016-2-3,64,56,45,53,48,33,93,76,45,29.96,29.77,29.66,10,9,1,22,13,31,0.47,6,Rain,190
2016-2-4,44,38,30,33,26,22,69,63,55,30.25,30.12,29.95,10,10,10,13,8,21,0.00,8,,278
2016-2-5,36,32,27,23,18,15,75,60,43,30.42,30.33,30.19,10,10,4,12,8,20,0.00,4,Snow,292
2016-2-6,44,36,27,18,16,13,66,47,32,30.37,30.30,30.22,10,10,10,18,9,24,0.00,2,,214
2016-2-7,51,38,26,24,20,13,69,47,33,30.22,30.05,29.85,10,10,10,12,7,,0.00,0,,180
2016-2-8,48,40,32,34,29,23,83,72,41,29.82,29.63,29.56,10,10,7,15,8,,0.02,6,Rain,203
2016-2-9,34,30,26,30,26,19,92,83,74,29.74,29.59,29.51,10,3,0,18,8,25,0.05,8,Fog-Snow,236
2016-2-10,26,21,16,20,13,8,81,72,65,30.00,29.81,29.70,10,4,1,22,15,33,0.01,8,Snow,250
2016-2-11,19,16,12,8,4,-2,79,62,43,30.32,30.15,29.95,10,8,2,20,14,26,0.00,6,Snow,271
2016-2-12,21,14,6,15,10,-1,83,73,54,30.30,30.05,29.94,10,6,0,17,9,29,0.00,7,Snow,229
2016-2-13,18,12,6,10,1,-6,80,64,46,30.49,30.27,30.00,10,5,0,22,14,31,0.01,6,Snow,305
2016-2-14,19,11,3,10,0,-2,84,61,43,30.55,30.45,30.26,10,10,10,10,6,,0.00,2,,170
2016-2-15,35,28,21,32,27,10,93,86,60,30.26,29.98,29.78,10,4,0,14,8,,0.30,8,Fog-Rain-Snow,113
2016-2-16,36,34,32,33,31,28,96,89,78,29.93,29.69,29.53,10,3,0,14,6,21,1.18,8,Fog-Rain-Snow,331
2016-2-17,34,31,27,29,26,21,93,82,70,30.35,30.10,29.88,10,7,0,14,6,,0.03,7,Fog-Snow,296
2016-2-18,33,26,18,19,11,6,81,56,32,30.60,30.51,30.33,10,10,10,9,5,,0.00,1,,34
2016-2-19,60,43,26,37,22,10,53,41,32,30.45,30.12,29.85,10,10,10,25,11,39,0.00,5,,158
2016-2-20,68,60,51,40,34,27,63,41,21,29.98,29.90,29.82,10,10,10,28,20,44,0.00,1,,244
2016-2-21,57,48,37,34,31,28,76,51,38,30.05,29.95,29.90,10,10,10,13,5,18,0.00,1,,335
2016-2-22,51,40,30,29,25,19,82,55,33,30.17,30.11,30.06,10,10,10,8,6,,0.00,0,,2
2016-2-23,52,44,37,36,32,22,73,61,50,30.10,30.03,29.94,10,10,10,14,7,21,0.00,4,Rain-Thunderstorm,90
2016-2-24,64,52,39,50,43,33,93,81,54,29.89,29.43,29.21,10,8,2,26,12,34,1.01,7,Rain-Thunderstorm,147
2016-2-25,46,37,28,37,28,16,85,76,56,29.92,29.54,29.28,10,5,0,23,16,34,0.06,8,Fog-Rain-Snow,270
2016-2-26,30,27,24,19,14,10,75,59,45,30.22,30.12,29.93,10,8,1,16,11,33,0.00,7,Snow,297
2016-2-27,42,34,27,22,20,16,66,57,43,30.19,30.10,30.03,10,10,10,18,9,26,0.00,5,,213
2016-2-28,64,50,35,32,27,22,59,42,27,30.03,29.86,29.63,10,10,10,23,14,36,0.00,0,,193
2016-2-29,60,48,37,43,32,26,83,59,27,30.06,29.84,29.56,10,10,7,30,17,44,0.10,5,Rain,246
2016-3-1,66,50,34,48,35,28,86,61,23,30.06,29.73,29.44,10,8,2,31,11,54,0.42,4,Rain,203
2016-3-2,37,32,26,31,17,11,82,61,47,30.22,30.01,29.66,10,10,5,21,15,38,0.00,8,Snow,285
2016-3-3,35,28,21,28,21,13,92,73,44,30.27,30.13,29.99,10,6,1,8,4,,0.03,6,Snow,82
2016-3-4,34,32,30,28,26,19,93,81,59,30.20,30.05,29.96,10,5,1,9,3,,0.03,8,Snow,337
2016-3-5,42,36,30,29,24,20,73,62,51,30.21,30.15,30.08,10,10,3,8,2,,0.00,8,Snow,77
2016-3-6,41,38,35,30,29,27,78,71,62,30.33,30.25,30.14,10,9,6,8,5,,0.00,6,,276
2016-3-7,64,48,33,33,30,28,82,49,27,30.20,30.14,30.08,10,10,8,20,10,24,0.00,2,,210
2016-3-8,70,60,51,44,37,28,66,42,35,30.19,30.12,30.06,10,10,7,16,9,24,0.00,4,,202
2016-3-9,73,62,50,45,41,36,64,45,31,30.15,30.08,30.04,10,10,10,23,11,34,0.00,1,,213
2016-3-10,64,59,54,56,51,43,93,77,50,30.08,30.02,29.97,10,9,5,16,9,28,0.40,8,Rain,239
2016-3-11,54,48,41,52,41,35,97,79,50,30.37,30.23,30.04,10,9,2,15,7,23,0.11,6,Rain,337
2016-3-12,66,52,39,50,40,33,83,60,45,30.33,30.15,30.03,10,10,9,6,4,,0.00,3,,11
2016-3-13,59,54,48,47,44,38,93,72,49,30.02,29.92,29.83,10,9,4,14,7,,0.32,8,Rain,93
2016-3-14,69,58,48,56,49,44,93,81,56,29.84,29.79,29.69,10,9,4,16,9,23,0.25,7,Rain,146
2016-3-15,61,54,48,53,49,46,96,84,64,29.85,29.79,29.72,10,8,2,9,5,,0.02,7,Rain,97
2016-3-16,70,60,50,50,39,24,89,54,22,29.88,29.74,29.65,10,10,9,23,9,34,0.01,2,,242
2016-3-17,59,52,46,30,26,19,46,36,23,29.92,29.87,29.82,10,10,10,23,10,38,0.00,3,,251
2016-3-18,59,48,37,28,22,12,65,40,17,30.09,29.95,29.89,10,10,10,23,10,40,0.00,1,,284
2016-3-19,39,36,33,34,29,23,89,77,55,30.12,30.08,30.02,10,8,2,10,4,,0.05,7,Rain-Snow,349
2016-3-20,37,34,32,31,29,22,92,82,55,30.06,29.99,29.93,10,4,1,12,5,,0.07,8,Snow,352
2016-3-21,42,34,27,29,23,16,92,68,36,30.14,30.04,29.95,10,9,3,18,7,29,0.01,6,Snow,311
2016-3-22,60,44,28,27,23,19,72,43,23,30.16,30.04,29.89,10,10,10,21,9,29,0.00,0,,194
2016-3-23,69,60,53,40,31,20,51,34,27,29.99,29.95,29.91,10,10,10,21,11,30,0.00,0,,239
2016-3-24,73,62,50,52,43,38,78,52,30,29.99,29.79,29.57,10,10,10,25,11,34,0.03,4,Rain,195
2016-3-25,60,47,34,53,38,26,90,75,62,30.21,29.86,29.58,10,9,5,17,11,30,0.13,8,Rain,301
2016-3-26,60,44,32,30,27,25,75,56,31,30.30,30.24,30.20,10,10,10,8,4,,0.00,3,,20
2016-3-27,75,58,42,47,39,28,71,52,28,30.21,30.06,29.79,10,10,10,16,7,24,0.00,0,,133
2016-3-28,57,49,39,54,42,34,89,76,61,30.09,29.80,29.63,10,9,2,28,14,44,0.38,8,Rain,254
2016-3-29,52,43,35,35,25,15,85,55,26,30.29,30.20,30.06,10,10,10,15,9,24,0.00,3,,323
2016-3-30,68,49,30,31,24,15,57,36,23,30.30,30.13,29.90,10,10,10,18,8,26,0.00,0,,154
2016-3-31,71,64,57,48,40,31,54,43,32,29.88,29.72,29.57,10,10,10,22,13,36,0.00,3,Rain,184
2016-4-1,66,56,46,54,43,31,83,59,31,29.78,29.64,29.56,10,10,10,23,14,37,0.01,5,Rain,260
2016-4-2,53,42,32,36,29,19,89,68,29,29.75,29.57,29.42,10,7,0,29,15,45,0.14,6,Fog-Rain-Snow,264
2016-4-3,46,36,25,26,18,12,79,54,37,30.09,29.92,29.63,10,9,2,23,15,40,0.00,4,Snow,278
2016-4-4,55,41,27,44,31,15,89,66,34,30.21,29.90,29.75,10,9,2,20,15,38,0.23,8,Rain,291
2016-4-5,43,31,23,20,14,8,81,56,28,30.48,30.35,30.20,10,8,2,13,8,21,0.00,4,Snow,343
2016-4-6,66,47,28,30,17,13,58,35,15,30.33,29.98,29.64,10,10,10,23,9,36,0.00,4,,159
2016-4-7,53,44,34,42,36,28,89,76,40,29.64,29.51,29.41,10,9,3,22,15,34,0.32,8,Rain-Snow,239
2016-4-8,45,37,30,31,25,17,85,68,34,29.80,29.71,29.60,10,8,2,18,14,29,0.00,8,Snow,267
2016-4-9,34,30,25,31,24,13,92,76,50,30.31,29.82,29.61,10,6,0,25,13,45,0.08,7,Rain-Snow,267
2016-4-10,52,34,21,27,16,12,85,54,36,30.38,30.25,30.04,10,10,7,13,6,20,0.00,5,Rain,154
2016-4-11,64,56,48,52,44,36,93,69,45,30.05,29.95,29.90,10,9,4,24,12,32,0.40,8,Rain,213
2016-4-12,51,45,36,51,30,20,93,62,33,30.38,30.15,29.92,10,9,2,18,11,26,0.20,4,Rain,327
2016-4-13,57,44,30,23,20,17,67,43,22,30.45,30.36,30.27,10,10,10,8,5,,0.00,0,,31
2016-4-14,66,52,37,28,25,18,55,36,22,30.30,30.26,30.21,10,10,10,8,5,,0.00,0,,51
2016-4-15,70,56,44,31,28,25,51,34,22,30.34,30.29,30.25,10,10,10,10,7,,0.00,0,,100
2016-4-16,73,60,46,33,29,27,50,32,20,30.42,30.37,30.33,10,10,10,8,5,,0.00,0,,91
2016-4-17,81,66,52,40,35,29,57,33,20,30.44,30.37,30.31,10,10,6,8,4,,0.00,0,,32
2016-4-18,81,67,54,37,32,26,53,28,15,30.33,30.27,30.18,10,10,10,10,5,,0.00,0,,324
2016-4-19,73,64,54,44,34,23,40,32,20,30.22,30.15,30.11,10,10,10,13,7,22,0.00,0,,326
2016-4-20,73,60,48,25,21,16,38,24,12,30.28,30.19,30.07,10,10,10,12,7,16,0.00,0,,81
2016-4-21,73,64,55,49,39,23,64,40,26,30.06,29.97,29.90,10,10,10,12,6,,0.00,2,,159
2016-4-22,68,60,55,55,53,50,93,81,61,29.94,29.91,29.86,10,7,0,10,6,,0.55,7,Rain,194
2016-4-23,62,55,46,54,43,29,88,70,41,30.10,30.00,29.91,10,8,5,15,11,22,0.00,5,,335
2016-4-24,69,54,41,31,26,21,48,34,23,30.16,30.08,30.00,10,10,10,9,5,,0.00,0,,298
2016-4-25,79,62,46,47,41,34,77,44,30,30.00,29.91,29.76,10,10,8,16,4,25,0.00,1,,209
2016-4-26,75,65,53,56,51,44,84,60,43,29.83,29.75,29.70,10,9,2,23,12,50,0.15,4,Rain,253
2016-4-27,64,54,46,48,44,40,80,70,56,29.91,29.88,29.84,10,10,10,8,6,,0.00,6,,350
2016-4-28,55,50,46,53,47,32,96,85,45,29.95,29.89,29.85,10,3,0,9,5,,0.37,7,Fog-Rain,20
2016-4-29,57,51,45,49,46,44,97,88,72,30.12,30.00,29.92,10,5,0,10,5,,0.00,8,Fog-Rain,315
2016-4-30,66,56,46,52,45,42,89,77,48,30.15,30.09,29.99,10,9,5,14,5,22,0.11,6,Rain,25
2016-5-1,72,62,53,59,55,50,94,85,63,29.98,29.94,29.91,10,9,4,12,8,,0.28,7,Rain,194
2016-5-2,69,61,53,57,53,48,93,79,60,29.93,29.89,29.83,10,8,0,18,8,24,0.06,6,Fog-Rain,283
2016-5-3,64,55,48,47,43,40,86,70,44,29.90,29.85,29.80,10,10,9,10,5,,0.00,8,,302
2016-5-4,63,55,48,48,44,39,86,71,44,29.79,29.70,29.62,10,10,5,13,3,,0.15,7,Rain,226
2016-5-5,63,52,46,49,46,44,93,81,65,29.76,29.70,29.66,10,7,2,13,5,20,0.14,6,Rain,323
2016-5-6,66,56,48,46,41,33,86,64,33,29.83,29.79,29.73,10,10,8,18,10,31,0.06,6,Rain,337
2016-5-7,71,58,46,50,45,36,96,68,29,29.80,29.73,29.65,10,8,1,13,4,,0.00,4,Rain,195
2016-5-8,64,55,46,54,35,24,81,49,23,30.00,29.86,29.65,10,10,10,15,10,24,0.01,3,Rain,303
2016-5-9,55,50,46,46,42,32,83,69,47,30.15,30.09,30.00,10,10,10,13,8,,0.00,4,Rain,220
2016-5-10,69,60,50,58,53,47,93,82,61,30.20,30.14,30.08,10,7,2,12,5,17,0.46,7,Rain,89
2016-5-11,73,64,55,59,55,53,94,81,57,30.14,30.10,30.07,10,6,2,8,4,,0.00,5,,90
2016-5-12,78,66,55,62,56,53,93,73,51,30.08,30.01,29.86,10,9,2,18,5,31,0.11,3,Rain,168
2016-5-13,69,63,57,60,52,42,94,73,39,29.93,29.88,29.82,10,9,5,20,9,28,0.21,6,Rain,264
2016-5-14,55,50,42,51,44,37,93,81,59,29.93,29.80,29.69,10,8,2,21,10,39,0.39,7,Rain,244
2016-5-15,50,42,37,36,28,22,79,56,39,30.12,30.00,29.90,10,10,10,18,11,30,0.00,6,,281
2016-5-16,62,49,36,32,29,26,76,47,29,30.25,30.21,30.14,10,10,10,12,7,21,0.00,1,,254
2016-5-17,62,54,48,44,38,32,71,54,42,30.25,30.19,30.14,10,10,10,8,4,,0.00,6,Rain,241
2016-5-18,55,52,48,48,46,44,93,81,69,30.17,30.14,30.11,10,8,2,9,5,,0.31,7,Rain,87
2016-5-19,69,55,42,45,40,32,100,64,30,30.21,30.17,30.14,10,8,0,6,4,,0.00,1,Fog,336
2016-5-20,72,60,48,46,41,36,71,48,30,30.26,30.17,30.06,10,10,10,13,5,20,0.00,0,Rain,97
2016-5-21,57,54,52,54,52,49,93,90,75,30.08,29.96,29.91,10,3,0,9,6,,1.27,8,Fog-Rain,72
2016-5-22,62,56,50,51,49,47,93,84,60,30.01,29.95,29.90,10,7,1,8,6,,0.14,7,Rain,345
2016-5-23,75,62,50,55,50,48,96,81,40,30.06,30.01,29.96,10,5,0,9,4,,0.03,3,Fog,315
2016-5-24,79,64,50,51,48,44,94,59,30,30.10,30.06,30.01,10,9,2,13,7,20,0.00,1,,236
2016-5-25,81,68,55,53,50,46,80,48,31,30.18,30.13,30.09,10,10,7,15,7,18,0.00,0,,222
2016-5-26,81,72,64,62,59,54,73,62,49,30.11,30.07,30.01,10,10,2,17,8,22,0.00,4,,189
2016-5-27,86,75,66,63,61,59,87,63,41,30.08,30.05,30.00,10,10,2,10,7,17,0.00,2,,203
2016-5-28,87,76,66,66,63,62,87,63,43,30.14,30.10,30.06,10,10,5,9,6,,0.00,0,,171
2016-5-29,82,72,64,67,61,58,84,74,56,30.15,30.10,30.04,10,8,1,14,4,34,2.32,5,Rain-Thunderstorm,158
2016-5-30,82,72,61,62,58,51,93,66,36,30.04,30.00,29.96,10,8,2,9,5,18,0.00,1,,287
2016-5-31,84,72,61,60,56,53,87,56,33,30.02,29.99,29.97,10,9,5,7,2,,0.00,2,,360
2016-6-1,87,74,63,63,56,52,72,51,33,30.05,30.00,29.95,10,10,10,10,6,,0.00,1,,132
2016-6-2,82,74,69,66,62,56,81,68,53,30.05,30.00,29.96,10,9,2,8,6,,0.09,5,Rain,176
2016-6-3,82,74,66,66,63,56,93,76,42,30.06,30.03,29.99,10,7,1,12,5,21,0.40,6,Rain,270
2016-6-4,79,73,68,66,61,55,84,66,56,30.03,29.94,29.79,10,10,7,9,4,,0.00,4,,127
2016-6-5,75,70,64,65,62,59,88,81,62,29.77,29.71,29.62,10,9,2,21,10,25,0.22,6,Rain,214
2016-6-6,78,69,61,61,57,55,87,71,47,29.75,29.71,29.64,10,8,1,16,10,29,0.58,5,Rain,237
2016-6-7,71,64,57,59,53,47,93,72,50,29.77,29.68,29.64,10,10,7,18,6,33,0.00,4,,270
2016-6-8,64,58,51,49,42,36,80,60,38,29.98,29.86,29.74,10,10,10,20,10,34,0.00,5,Rain,292
2016-6-9,71,61,52,45,39,31,66,45,24,30.07,30.02,29.97,10,10,10,15,8,22,0.00,1,,294
2016-6-10,81,69,57,59,49,37,72,50,39,30.14,30.08,30.02,10,10,10,8,3,,0.00,5,,200
2016-6-11,88,78,68,66,62,60,78,60,42,30.04,29.96,29.90,10,10,10,18,10,29,0.01,3,,240
2016-6-12,79,70,60,63,47,35,71,43,23,30.05,29.95,29.88,10,10,10,18,13,29,0.00,1,,310
2016-6-13,75,62,52,52,46,40,74,53,40,30.09,30.01,29.93,10,10,10,10,6,18,0.00,1,,331
2016-6-14,79,67,57,48,44,39,70,46,25,30.06,30.00,29.96,10,10,10,8,4,,0.00,2,,59
2016-6-15,84,73,62,67,60,48,90,65,44,29.97,29.87,29.78,10,9,0,13,4,23,0.35,5,Rain,161
2016-6-16,77,72,66,68,65,64,97,88,71,29.79,29.73,29.63,10,7,1,12,6,30,1.31,6,Rain-Thunderstorm,148
2016-6-17,81,72,64,64,59,50,94,72,38,30.08,29.90,29.74,10,8,2,9,6,,0.14,6,Rain,59
2016-6-18,82,73,64,59,53,45,78,51,27,30.30,30.22,30.10,10,10,10,7,4,,0.00,2,,146
2016-6-19,82,72,63,59,55,53,78,52,39,30.37,30.31,30.25,10,10,10,10,7,,0.00,1,,195
2016-6-20,87,73,62,68,61,54,80,64,51,30.25,30.13,29.96,10,10,10,15,9,22,0.00,2,,196
2016-6-21,82,77,72,67,61,51,76,60,39,29.94,29.89,29.81,10,10,10,14,8,20,0.00,5,,307
2016-6-22,80,71,62,61,52,47,70,52,36,30.00,29.95,29.89,10,10,10,16,8,21,0.00,2,,258
2016-6-23,71,68,66,67,65,62,93,88,76,29.95,29.89,29.84,10,6,1,12,6,,0.55,7,Rain,209
2016-6-24,80,73,66,66,65,60,94,83,52,30.08,29.98,29.92,10,5,1,6,3,,0.00,7,Rain,48
2016-6-25,84,75,66,65,62,58,90,66,42,30.17,30.13,30.08,10,10,5,9,4,,0.00,2,,120
2016-6-26,87,76,66,66,62,59,81,62,41,30.18,30.12,30.02,10,10,10,9,6,,0.00,0,,178
2016-6-27,87,78,70,69,65,57,82,67,41,30.05,30.00,29.94,10,10,10,12,7,,0.00,4,,227
2016-6-28,81,74,64,63,59,52,84,62,42,30.01,29.95,29.93,10,10,10,13,7,22,0.00,3,,292
2016-6-29,73,64,55,53,51,49,83,64,45,30.08,30.05,30.00,10,10,10,8,5,,0.00,3,,323
2016-6-30,79,67,55,56,50,47,87,55,33,30.09,30.05,29.99,10,9,2,8,3,,0.00,1,,161
2016-7-1,81,70,60,63,55,49,84,63,45,30.04,29.96,29.90,10,10,5,23,8,37,0.00,2,Rain,231
2016-7-2,72,64,57,54,49,46,84,59,42,30.17,30.13,30.06,10,10,10,7,5,,0.00,0,,318
2016-7-3,73,65,57,56,53,51,83,62,46,30.14,30.11,30.07,10,10,7,10,2,,0.00,1,,146
2016-7-4,75,68,61,67,63,52,90,79,63,30.08,29.94,29.86,10,8,2,9,5,,0.19,7,Rain,171
2016-7-5,84,76,69,70,67,66,93,81,58,29.93,29.89,29.85,10,8,2,13,6,,0.17,7,Rain,246
2016-7-6,86,78,69,67,65,62,90,70,46,29.96,29.91,29.84,10,9,2,18,8,31,0.29,4,Rain-Thunderstorm,206
2016-7-7,82,75,68,70,67,64,90,81,58,29.92,29.88,29.83,10,7,1,22,10,,0.72,6,Rain,218
2016-7-8,84,76,69,69,68,64,91,77,58,29.88,29.85,29.80,10,9,4,15,10,22,0.00,5,,218
2016-7-9,81,76,68,67,62,55,87,68,45,29.96,29.86,29.81,10,10,8,15,11,25,0.00,4,,255
2016-7-10,82,72,63,59,56,53,84,59,38,30.07,30.02,29.96,10,10,10,9,6,,0.00,2,,320
2016-7-11,86,73,62,59,56,53,84,55,33,30.13,30.09,30.06,10,10,6,8,4,,0.00,1,,143
2016-7-12,89,77,66,66,60,56,75,57,36,30.07,30.02,29.94,10,10,10,15,6,20,0.00,0,,170
2016-7-13,87,80,73,70,68,67,84,73,53,30.07,30.02,29.93,10,10,10,12,8,17,0.00,6,,203
2016-7-14,88,78,70,70,65,63,87,67,44,29.98,29.93,29.87,10,9,1,20,11,31,0.22,4,Rain,231
2016-7-15,84,76,68,66,65,61,90,73,46,30.01,29.97,29.92,10,10,10,16,9,24,0.01,4,,229
2016-7-16,84,73,64,66,62,58,90,68,47,30.11,30.06,30.00,10,10,10,10,6,,0.00,2,,222
2016-7-17,86,74,64,64,61,57,90,63,38,30.19,30.15,30.12,10,9,2,16,4,23,0.00,0,,213
2016-7-18,88,78,71,70,65,62,87,68,46,30.17,30.13,30.09,10,9,2,17,9,24,0.02,2,Rain-Thunderstorm,228
2016-7-19,87,78,70,66,58,54,78,54,34,30.23,30.18,30.14,10,10,9,10,4,17,0.00,2,,348
2016-7-20,84,74,63,56,51,43,75,47,25,30.27,30.23,30.19,10,10,10,7,4,,0.00,0,,343
2016-7-21,89,75,61,63,57,50,78,53,34,30.21,30.14,30.05,10,10,5,13,5,,0.00,0,,192
2016-7-22,88,78,68,69,65,62,90,69,51,30.11,30.03,29.96,10,8,0,14,9,22,0.61,2,Rain,209
2016-7-23,91,79,70,71,68,64,87,72,51,30.02,29.99,29.95,10,9,0,21,7,37,0.28,3,Rain,212
2016-7-24,91,80,69,71,69,67,94,85,48,30.04,30.02,29.96,10,4,0,17,3,30,0.49,2,Fog-Rain,139
2016-7-25,93,82,71,75,70,64,94,80,47,30.02,29.97,29.89,10,5,0,18,8,38,0.11,3,Fog-Rain-Thunderstorm,188
2016-7-26,87,78,70,69,65,57,93,67,44,30.03,30.00,29.96,10,8,2,8,3,,0.00,1,,295
2016-7-27,89,79,70,64,60,56,76,53,36,30.03,29.98,29.93,10,10,10,6,1,,0.00,3,Rain,63
2016-7-28,79,74,68,71,68,58,96,84,48,29.96,29.93,29.89,10,4,0,12,4,,0.33,6,Fog-Rain,186
2016-7-29,84,74,66,67,66,63,94,82,53,29.98,29.94,29.91,10,4,0,6,1,,0.00,5,Fog,209
2016-7-30,77,72,69,69,67,62,93,87,66,29.99,29.96,29.93,10,4,0,8,4,,0.81,7,Fog-Rain-Thunderstorm,141
2016-7-31,84,75,66,69,66,63,96,84,53,30.05,30.01,29.96,10,4,0,12,2,,0.00,5,Fog,194
2016-8-1,86,77,68,68,66,61,90,76,46,30.08,30.05,30.01,10,6,1,12,3,18,0.24,4,Rain,252
2016-8-2,87,78,68,67,63,57,90,65,37,30.11,30.07,30.03,10,8,2,6,3,,0.00,3,,8
2016-8-3,86,78,69,67,64,58,81,66,49,30.11,30.08,30.04,10,9,5,13,5,16,0.00,3,,148
2016-8-4,84,76,71,67,64,61,81,67,49,30.11,30.06,30.00,10,9,6,10,6,,0.00,5,,132
2016-8-5,84,76,68,71,67,62,82,71,58,30.01,29.94,29.86,10,10,6,13,8,,0.00,2,Rain,178
2016-8-6,82,76,68,70,66,55,90,73,42,29.94,29.87,29.83,10,8,3,13,7,21,0.01,5,Rain,297
2016-8-7,84,72,63,59,56,55,81,56,38,30.03,29.99,29.94,10,10,10,7,4,,0.00,2,,343
2016-8-8,84,75,66,60,57,55,70,57,37,30.09,30.05,30.03,10,10,10,9,4,,0.00,0,,89
2016-8-9,89,76,66,68,65,60,79,65,53,30.11,30.08,30.04,10,10,10,12,6,,0.00,3,,143
2016-8-10,90,82,75,74,69,65,87,72,53,30.16,30.12,30.08,10,9,0,16,8,22,0.22,4,Rain,206
2016-8-11,91,82,73,73,71,69,90,71,52,30.14,30.07,29.99,10,10,8,13,6,,0.00,3,,187
2016-8-12,91,84,77,75,72,70,82,71,54,30.01,29.96,29.91,10,10,5,13,8,,0.07,4,Rain,217
2016-8-13,91,82,75,74,71,70,85,72,55,29.97,29.92,29.87,10,9,1,21,8,34,0.20,3,Rain-Thunderstorm,210
2016-8-14,82,78,73,73,71,68,91,82,69,30.11,30.05,29.95,10,6,1,13,8,18,0.46,7,Rain,250
2016-8-15,80,74,69,71,68,67,94,87,69,30.25,30.19,30.16,10,4,0,7,4,,0.46,6,Fog-Rain,146
2016-8-16,77,75,73,70,69,68,90,86,74,30.16,30.12,30.10,10,9,6,12,8,,0.04,6,Rain,195
2016-8-17,75,72,70,70,69,67,91,87,79,30.17,30.11,30.04,10,7,1,10,6,,0.33,6,Rain,229
2016-8-18,82,76,70,68,65,60,90,74,47,30.11,30.07,30.01,10,7,2,13,7,18,0.00,4,,256
2016-8-19,84,73,64,68,64,62,94,80,52,30.05,30.01,29.92,10,6,0,12,4,,0.00,2,Fog,168
2016-8-20,86,76,69,70,67,66,93,81,53,29.95,29.89,29.78,10,5,0,13,7,,0.10,3,Fog-Rain,174
2016-8-21,77,72,66,69,65,55,90,77,52,29.99,29.82,29.73,10,9,2,10,8,22,0.08,5,Rain,247
2016-8-22,77,68,60,58,55,53,83,65,46,30.24,30.14,30.00,10,10,10,8,5,,0.00,3,,325
2016-8-23,80,70,59,60,56,54,93,68,43,30.33,30.29,30.25,10,8,1,9,4,,0.00,0,,148
2016-8-24,84,73,62,64,61,58,90,68,43,30.26,30.19,30.09,10,8,2,14,6,18,0.00,0,,171
2016-8-25,88,80,72,73,69,64,90,74,55,30.10,30.05,30.01,10,8,2,13,9,20,0.16,5,Rain,217
2016-8-26,87,78,71,71,66,59,94,71,46,30.17,30.11,30.06,10,8,1,14,7,21,0.44,3,Rain,307
2016-8-27,88,77,66,68,64,59,84,63,48,30.19,30.16,30.12,10,10,7,9,4,,0.00,0,,95
2016-8-28,90,79,69,71,67,62,90,76,53,30.24,30.19,30.11,10,6,0,17,6,29,0.80,3,Rain-Thunderstorm,173
2016-8-29,84,75,66,67,64,53,94,80,33,30.27,30.22,30.16,10,4,0,7,2,,0.00,3,Fog,12
2016-8-30,86,74,63,61,54,44,81,54,24,30.19,30.13,30.06,10,10,9,6,3,,0.00,0,,18
2016-8-31,81,71,62,65,61,55,90,76,50,30.05,29.99,29.92,10,7,2,7,4,,0.07,4,Rain,155
2016-9-1,77,70,62,66,60,51,93,78,43,30.10,29.97,29.91,10,6,0,13,5,20,0.00,6,Fog,336
2016-9-2,75,65,55,55,53,52,87,64,46,30.19,30.15,30.10,10,10,10,9,6,17,0.00,1,,15
2016-9-3,78,67,57,55,52,50,81,58,40,30.22,30.18,30.14,10,10,10,6,4,,0.00,1,,30
2016-9-4,82,69,57,55,53,50,87,57,36,30.28,30.24,30.20,10,9,5,7,3,,0.00,0,,85
2016-9-5,84,70,59,58,56,52,87,58,35,30.29,30.23,30.16,10,10,6,8,4,,0.00,0,,162
2016-9-6,88,75,62,68,61,57,90,67,42,30.19,30.15,30.08,10,9,2,12,5,,0.00,3,Rain,233
2016-9-7,89,80,72,72,69,64,84,71,55,30.12,30.07,30.02,10,9,2,20,6,31,0.21,3,Rain,253
2016-9-8,87,79,72,69,67,66,84,68,55,30.01,29.95,29.88,10,10,6,14,9,23,0.00,2,,209
2016-9-9,80,75,71,70,69,67,94,85,66,30.02,29.99,29.94,10,7,2,9,5,20,0.28,8,Rain,235
2016-9-10,89,79,70,70,66,60,93,76,43,30.00,29.96,29.83,10,6,1,18,8,28,0.00,3,,193
2016-9-11,75,68,61,64,57,47,90,72,38,30.20,30.09,29.95,10,9,2,10,7,23,0.07,4,Rain,307
2016-9-12,79,67,55,54,52,49,87,59,35,30.25,30.19,30.13,10,10,7,10,4,,0.00,0,,103
2016-9-13,82,72,61,60,55,48,83,57,30,30.16,30.13,30.10,10,10,10,16,7,21,0.00,0,,205
2016-9-14,84,72,60,67,60,54,87,72,44,30.21,30.16,30.10,10,9,5,9,5,17,0.01,4,,317
2016-9-15,75,65,55,56,53,51,87,66,46,30.26,30.22,30.17,10,10,10,8,5,,0.00,0,,46
2016-9-16,82,69,57,62,58,51,84,67,50,30.20,30.15,30.09,10,10,10,10,5,,0.00,1,,139
2016-9-17,79,72,66,66,63,59,79,72,64,30.10,30.05,30.00,10,10,9,13,8,,0.03,4,,177
2016-9-18,73,70,68,68,66,63,93,86,73,30.06,30.03,29.99,10,5,0,10,6,,0.47,7,Fog-Rain,203
2016-9-19,81,73,66,67,64,58,94,81,48,30.11,30.05,30.01,10,4,0,9,4,,0.05,6,Fog-Rain,158
2016-9-20,84,72,61,63,58,47,97,76,27,30.19,30.15,30.10,10,5,0,5,2,,0.00,1,Fog,4
2016-9-21,84,73,62,59,57,52,87,60,33,30.23,30.18,30.14,10,10,7,6,3,,0.00,0,,18
2016-9-22,84,74,63,61,58,56,84,60,37,30.18,30.12,30.07,10,9,6,9,3,,0.00,0,,143
2016-9-23,87,74,61,61,58,55,93,67,35,30.09,30.06,30.01,10,6,0,8,4,,0.00,1,Fog,212
2016-9-24,72,66,59,64,58,46,84,73,51,30.19,30.13,30.05,10,8,5,9,6,,0.00,5,,356
2016-9-25,75,62,50,47,45,42,83,56,32,30.21,30.16,30.08,10,10,10,6,4,,0.00,0,,45
2016-9-26,81,66,53,67,56,46,87,74,54,30.07,29.98,29.92,10,8,0,16,6,28,0.27,4,Fog-Rain,248
2016-9-27,72,62,52,52,43,33,90,58,25,30.01,29.94,29.87,10,10,7,18,9,24,0.00,0,,204
2016-9-28,75,62,50,56,51,43,86,67,45,29.98,29.95,29.91,10,9,2,15,9,29,0.00,3,,128
2016-9-29,70,62,57,61,57,54,94,86,65,30.18,30.08,29.99,10,6,1,16,6,30,1.30,8,Rain,79
2016-9-30,66,60,57,56,54,53,94,86,70,30.18,30.14,30.08,10,7,0,15,6,23,0.53,8,Fog-Rain,60
2016-10-1,72,64,55,59,56,53,93,81,59,30.11,30.07,30.03,10,8,0,12,5,,0.15,5,Fog-Rain,111
2016-10-2,66,62,57,58,56,52,94,84,59,30.07,30.05,30.02,10,6,0,12,5,18,0.11,8,Fog-Rain,195
2016-10-3,69,60,54,56,53,51,97,83,59,30.16,30.09,30.05,10,5,0,7,2,,0.00,4,Fog,71
2016-10-4,73,62,51,54,51,48,97,80,46,30.25,30.20,30.16,10,5,0,8,4,,0.00,1,Fog,70
2016-10-5,71,62,54,51,50,47,90,69,50,30.30,30.25,30.21,10,9,1,10,5,,0.00,1,,124
2016-10-6,75,62,48,52,48,45,86,63,38,30.29,30.25,30.22,10,9,1,7,5,,0.00,0,,115
2016-10-7,75,64,54,63,58,49,94,84,57,30.23,30.14,30.09,10,5,1,13,8,23,0.74,6,Rain,136
2016-10-8,64,58,50,61,57,42,94,86,62,30.18,30.08,30.04,10,4,0,13,6,20,0.13,7,Fog-Rain,272
2016-10-9,59,52,44,43,40,38,80,65,48,30.33,30.27,30.17,10,10,10,15,7,25,0.00,3,,338
2016-10-10,61,51,42,41,37,31,83,62,35,30.47,30.40,30.33,10,10,8,7,4,,0.00,1,,4
2016-10-11,64,52,39,47,41,36,86,64,43,30.41,30.35,30.27,10,10,10,8,4,,0.00,0,,126
2016-10-12,73,60,46,49,46,42,89,66,41,30.29,30.20,30.08,10,8,2,10,8,20,0.00,0,,165
2016-10-13,61,53,46,53,47,38,90,74,55,30.34,30.15,30.01,10,8,1,14,9,22,0.12,6,Rain,297
2016-10-14,60,48,36,40,37,34,97,73,41,30.43,30.36,30.31,10,6,0,9,2,,0.00,0,Fog,82
2016-10-15,75,58,42,56,47,37,85,70,52,30.31,30.25,30.18,10,9,2,13,6,,0.00,1,,159
2016-10-16,78,68,59,57,54,53,83,66,43,30.16,30.09,30.01,10,10,10,16,9,24,0.00,2,,194
2016-10-17,78,69,61,61,57,54,90,73,48,30.04,29.97,29.87,10,7,2,13,9,,0.48,5,Rain,191
2016-10-18,80,70,62,59,57,55,78,62,48,29.90,29.86,29.81,10,10,10,22,11,33,0.00,3,,192
2016-10-19,75,70,64,65,60,53,90,73,55,30.09,30.04,29.88,10,7,3,12,6,,0.05,5,Rain,328
2016-10-20,80,70,61,67,60,53,94,82,47,30.05,29.89,29.82,10,5,0,17,5,25,0.43,7,Fog-Rain-Thunderstorm,280
2016-10-21,63,54,46,60,50,42,94,89,82,29.85,29.76,29.69,10,4,0,21,8,29,1.49,8,Fog-Rain,338
2016-10-22,48,44,42,42,36,29,85,73,53,30.00,29.89,29.82,10,10,5,20,12,31,0.25,8,Rain,299
2016-10-23,64,53,42,44,39,33,74,60,45,30.07,29.99,29.88,10,10,10,21,12,29,0.00,4,,238
2016-10-24,62,55,48,46,39,30,77,59,43,30.32,30.14,29.88,10,10,10,20,12,29,0.00,6,,310
2016-10-25,54,46,39,35,33,30,77,62,43,30.44,30.37,30.31,10,10,1,13,7,23,0.00,3,,312
2016-10-26,50,41,34,36,33,30,89,71,50,30.46,30.38,30.18,10,8,2,9,2,,0.00,3,,60
2016-10-27,63,53,44,54,45,36,83,73,59,30.21,30.08,29.98,10,8,2,20,10,29,0.05,7,Rain,239
2016-10-28,54,48,41,38,37,34,89,72,50,30.36,30.27,30.20,10,9,2,9,7,18,0.01,6,Rain,291
2016-10-29,75,60,46,54,47,38,74,60,48,30.19,30.07,29.96,10,10,10,18,11,28,0.00,2,,203
2016-10-30,71,60,48,59,51,40,90,76,53,30.16,30.01,29.91,10,8,2,18,11,31,0.10,7,Rain,304
2016-10-31,52,46,41,38,33,29,76,60,41,30.29,30.21,30.16,10,10,9,9,5,,0.00,2,,56
2016-11-1,77,60,43,58,46,32,73,62,52,30.18,30.15,30.10,10,10,9,9,6,20,0.00,1,,163
2016-11-2,79,69,60,56,54,51,80,61,42,30.25,30.19,30.13,10,9,7,14,9,21,0.00,0,,208
2016-11-3,68,60,51,58,53,45,87,75,55,30.15,30.07,30.03,10,8,2,18,11,26,0.01,5,Rain,270
2016-11-4,55,50,44,45,38,32,89,68,43,30.36,30.29,30.16,10,10,8,14,7,20,0.00,1,,334
2016-11-5,60,48,36,38,35,32,89,62,39,30.41,30.35,30.30,10,10,5,12,6,,0.00,0,,234
2016-11-6,63,52,41,41,34,28,82,56,28,30.43,30.38,30.32,10,9,4,9,5,,0.00,0,,219
2016-11-7,66,54,43,37,31,27,68,46,24,30.48,30.41,30.31,10,10,6,8,3,,0.00,0,,107
2016-11-8,66,52,37,48,38,30,89,61,37,30.30,30.16,29.99,10,9,4,13,7,24,0.05,3,Rain,213
2016-11-9,51,45,39,48,41,31,90,80,65,30.19,30.04,29.93,10,8,3,18,10,28,0.11,7,Rain,318
2016-11-10,55,46,37,35,33,29,86,62,37,30.22,30.10,29.93,10,10,10,16,9,22,0.00,1,,235
2016-11-11,55,46,35,39,32,23,71,59,47,30.33,30.07,29.90,10,10,10,17,12,28,0.00,3,,306
2016-11-12,46,38,30,24,23,22,75,56,42,30.47,30.38,30.33,10,10,10,8,6,,0.00,0,,276
2016-11-13,54,41,28,26,23,20,79,51,28,30.33,30.25,30.16,10,10,9,10,8,,0.00,0,,206
2016-11-14,54,42,30,26,23,20,76,46,28,30.16,30.07,29.99,10,10,5,10,7,,0.00,0,,187
2016-11-15,55,45,35,31,27,23,76,50,31,30.01,29.94,29.88,10,10,9,9,6,,0.00,1,,194
2016-11-16,55,49,43,41,36,27,76,62,51,30.04,29.93,29.85,10,10,7,10,7,17,0.00,5,,277
2016-11-17,57,45,33,41,36,31,97,82,53,30.18,30.12,30.05,10,4,0,9,5,,0.00,0,Fog,166
2016-11-18,72,56,39,42,39,36,86,56,33,30.18,30.10,29.97,10,9,4,13,8,,0.00,0,,167
2016-11-19,60,46,30,42,31,24,86,70,44,29.99,29.93,29.79,10,8,0,24,13,33,0.24,6,Rain-Snow,251
2016-11-20,32,30,28,27,23,18,88,73,61,30.06,29.97,29.90,10,5,0,23,14,38,0.07,8,Fog-Snow,283
2016-11-21,33,30,27,18,16,14,66,58,48,30.22,30.13,30.05,10,10,8,20,15,30,0.00,7,Snow,276
2016-11-22,37,30,24,21,20,18,78,65,50,30.38,30.31,30.22,10,10,10,13,8,22,0.00,2,,272
2016-11-23,46,36,26,27,22,18,81,57,32,30.36,30.26,30.10,10,10,5,7,3,,0.00,2,,76
2016-11-24,52,46,39,46,40,20,87,76,38,30.24,30.14,30.05,10,9,7,14,8,,0.04,8,Rain,233
2016-11-25,45,41,37,38,34,30,82,74,62,30.28,30.25,30.19,10,10,10,10,5,17,0.00,8,,274
2016-11-26,42,38,35,33,30,27,86,76,55,30.29,30.25,30.20,10,9,6,14,10,22,0.00,8,Snow,264
2016-11-27,44,38,33,28,27,25,75,64,51,30.27,30.21,30.11,10,10,10,12,8,,0.00,1,,224
2016-11-28,50,40,30,32,27,23,79,56,36,30.10,29.97,29.82,10,10,6,14,7,22,0.00,3,,139
2016-11-29,63,54,46,50,45,39,86,72,48,29.87,29.77,29.72,10,10,7,16,9,24,0.16,5,Rain,179
2016-11-30,57,52,48,54,49,41,92,85,71,29.84,29.63,29.51,10,8,0,29,8,38,0.58,7,Fog-Rain,180
2016-12-1,46,42,37,39,29,24,79,67,57,29.98,29.83,29.65,10,10,10,17,13,29,0.00,8,,260
2016-12-2,37,35,33,30,27,25,79,69,62,30.22,30.08,29.97,10,10,7,18,13,29,0.00,7,,250
2016-12-3,36,35,34,27,26,24,75,70,64,30.34,30.29,30.18,10,10,8,12,9,18,0.00,8,,269
2016-12-4,39,36,32,34,26,24,89,67,55,30.32,30.13,29.82,10,9,4,10,4,,0.12,5,Rain,133
2016-12-5,43,38,33,38,31,25,93,73,57,30.12,30.02,29.83,10,9,2,17,9,29,0.02,6,Rain,282
2016-12-6,42,37,32,39,33,25,93,84,65,30.07,29.81,29.65,10,5,2,15,8,25,0.50,7,Rain,140
2016-12-7,42,38,34,39,27,19,89,68,45,30.12,30.03,29.82,10,8,3,16,11,25,0.00,6,,262
2016-12-8,34,28,23,21,17,12,68,61,51,30.28,30.14,30.04,10,10,8,20,12,28,0.00,8,Snow,261
2016-12-9,26,24,21,16,15,13,78,70,63,30.47,30.39,30.27,10,10,6,21,15,29,0.00,6,Snow,264
2016-12-10,26,24,21,18,15,12,80,70,58,30.53,30.47,30.38,10,8,2,16,11,22,0.00,7,Snow,252
2016-12-11,34,28,21,28,20,14,89,76,56,30.49,30.26,29.87,10,6,1,10,6,,0.33,8,Rain-Snow,138
2016-12-12,42,35,28,36,29,18,93,78,59,30.17,29.92,29.79,10,8,2,18,9,32,0.31,8,Rain,243
2016-12-13,30,28,26,29,26,18,92,85,69,30.17,30.07,30.00,10,3,0,7,4,,0.21,7,Fog-Snow,236
2016-12-14,28,24,18,25,14,4,85,68,46,30.23,30.12,30.00,10,9,6,17,9,31,0.00,5,,273
2016-12-15,17,12,6,4,-1,-6,67,59,44,30.43,30.22,30.02,10,9,2,21,16,34,0.00,5,Snow,267
2016-12-16,24,12,3,6,-1,-5,70,57,41,30.48,30.34,30.02,10,10,10,10,7,,0.00,6,,149
2016-12-17,57,41,25,53,35,6,96,87,44,29.99,29.74,29.58,10,4,0,15,7,23,0.83,8,Fog-Rain,143
2016-12-18,60,40,19,56,31,12,90,80,63,30.61,30.04,29.55,10,7,2,21,12,31,1.27,7,Rain-Snow,292
2016-12-19,26,22,18,13,11,9,81,64,55,30.76,30.67,30.54,10,10,9,10,5,,0.00,2,,314
2016-12-20,35,25,15,21,15,10,89,73,48,30.63,30.44,30.22,10,6,0,14,6,,0.00,0,Fog,180
2016-12-21,37,32,26,22,20,17,75,62,52,30.29,30.20,30.02,10,10,10,15,10,,0.00,1,,199
2016-12-22,39,36,34,26,23,20,67,59,46,30.42,30.18,30.00,10,10,9,17,9,23,0.00,7,,261
2016-12-23,41,34,28,25,23,21,72,62,53,30.49,30.39,30.17,10,10,9,12,8,,0.00,3,,186
2016-12-24,46,42,37,41,37,24,89,81,47,30.41,30.19,30.04,10,8,2,16,10,26,0.03,8,Rain,263
2016-12-25,39,36,32,33,30,27,89,81,70,30.55,30.46,30.36,10,9,6,9,4,,0.00,6,,30
2016-12-26,64,50,36,53,43,29,93,75,58,30.45,30.25,29.92,10,8,1,25,9,34,0.06,7,Rain,155
2016-12-27,61,48,36,55,37,25,89,68,46,30.11,29.99,29.90,10,9,2,21,16,36,0.12,4,Rain,261
2016-12-28,41,36,32,25,22,18,66,58,43,30.22,30.11,29.87,10,10,10,14,9,24,0.00,5,,243
2016-12-29,39,36,32,35,28,19,93,74,50,29.86,29.73,29.67,10,8,1,24,11,36,0.12,7,Rain-Snow,239
2016-12-30,30,28,25,25,21,13,86,74,51,30.08,29.84,29.71,10,5,0,23,14,33,0.05,7,Fog-Snow,272
2016-12-31,41,32,24,33,24,14,86,68,33,30.05,29.89,29.79,10,10,4,24,13,34,0.02,5,Rain,197
